tag-id,animal-id,animal-taxon,deploy-on-date,deploy-off-date,animal-exact-date-of-birth,animal-latest-date-born,animal-sex,animal-taxon-detail,tag-manufacturer-name,tag-model
473,Bar_473,Meleagris gallopavo,,,,,f,silvestris,,
698,Sky_698,Meleagris gallopavo,,,,,f,silvestris,,
649,Sco_649,Meleagris gallopavo,,,,,f,silvestris,,
646,Oak_646,Meleagris gallopavo,,,,,f,silvestris,,
639,Sky_639,Meleagris gallopavo,,,,,f,silvestris,,
637,Sco_637,Meleagris gallopavo,,,,,f,silvestris,,
635,Sco_635,Meleagris gallopavo,,,,,f,silvestris,,
629,Oak_629,Meleagris gallopavo,,,,,f,silvestris,,
627,Sky_627,Meleagris gallopavo,,,,,f,silvestris,,
623,Bar_623,Meleagris gallopavo,,,,,f,silvestris,,
621,Sco_621,Meleagris gallopavo,,,,,f,silvestris,,
644,Sky_644,Meleagris gallopavo,2015-08-12 00:00:00.000,2016-05-14 00:00:00.000,,,f,silvestris,,
642,Sky_642,Meleagris gallopavo,2015-08-25 00:00:00.000,2017-03-09 00:00:00.000,,,f,silvestris,,
643,Oak_643,Meleagris gallopavo,2015-09-15 00:00:00.000,2016-09-23 00:00:00.000,,,f,silvestris,,
638,Sky_638,Meleagris gallopavo,2015-09-23 00:00:00.000,2016-02-19 00:00:00.000,,,f,silvestris,,
626,Bar_626,Meleagris gallopavo,2016-02-23 00:00:00.000,2017-01-10 00:00:00.000,,,f,silvestris,,
686,Bar_686,Meleagris gallopavo,2016-02-23 00:00:00.000,2016-07-05 00:00:00.000,,,f,silvestris,,
632,Sky_632,Meleagris gallopavo,2016-03-08 00:00:00.000,2016-04-17 00:00:00.000,,,f,silvestris,,
636,Bar_636,Meleagris gallopavo,2016-03-09 00:00:00.000,2016-05-01 00:00:00.000,,,f,silvestris,,
701,Bar_701,Meleagris gallopavo,2016-03-09 00:00:00.000,2016-07-08 00:00:00.000,,,f,silvestris,,
688,Bar_688,Meleagris gallopavo,2016-08-05 00:00:00.000,2017-04-06 00:00:00.000,,,f,silvestris,,
694,Oak_694,Meleagris gallopavo,2016-09-09 00:00:00.000,2017-03-29 00:00:00.000,,,f,silvestris,,
691,Bar_691,Meleagris gallopavo,2016-09-13 00:00:00.000,2017-04-10 00:00:00.000,,,f,silvestris,,
702,Sky_702,Meleagris gallopavo,2016-09-17 00:00:00.000,2017-04-14 00:00:00.000,,,f,silvestris,,
703,Oak_703,Meleagris gallopavo,2016-10-05 00:00:00.000,2017-05-13 00:00:00.000,,,f,silvestris,,
628,Sky_628,Meleagris gallopavo,2017-03-09 00:00:00.000,2017-04-14 00:00:00.000,,,f,silvestris,,
462,Sky_462,Meleagris gallopavo,2017-09-09 00:00:00.000,2018-01-24 00:00:00.000,,,f,silvestris,,
467,Sky_467,Meleagris gallopavo,2017-09-09 00:00:00.000,2018-04-11 00:00:00.000,,,f,silvestris,,
480,Sky_480,Meleagris gallopavo,2017-09-09 00:00:00.000,2018-04-11 00:00:00.000,,,f,silvestris,,
466,Sky_466,Meleagris gallopavo,2017-09-28 00:00:00.000,2018-04-15 00:00:00.000,,,f,silvestris,,
173056,Ced_173056,Meleagris gallopavo,2018-02-21 00:00:00.000,2018-05-08 16:02:08.000,,,f,silvestris,,
173057,Uch_173057,Meleagris gallopavo,2018-03-01 00:00:00.000,2018-06-12 00:00:00.000,,,f,silvestris,,
173062,Uch_173062,Meleagris gallopavo,2018-03-01 00:00:00.000,2018-04-10 00:00:00.000,,,f,silvestris,,
173060,Dru_173060,Meleagris gallopavo,2018-03-02 12:01:04.000,2018-05-19 00:00:00.000,,,f,silvestris,,
173055,Dru_173055,Meleagris gallopavo,2018-03-07 00:00:00.000,2018-05-19 00:00:00.000,,,f,silvestris,Lotek,PTT
173064,Dru_173064,Meleagris gallopavo,2018-03-07 00:00:00.000,2018-08-25 00:00:00.000,,,f,silvestris,,
173058,Dru_173058,Meleagris gallopavo,2018-03-07 00:00:00.000,2018-03-21 00:00:00.000,,,,,,
173054,Bar_173054,Meleagris gallopavo,2018-03-09 00:00:00.000,2018-08-27 12:01:04.000,,,f,silvestris,Lotek ,PTT
648,,,,,,,,,,
,Sky_648,Meleagris,,,2015-08-25 00:00:00.000,2016-06-11 00:00:00.000,f,silvestris,,
