tag-id,animal-id,animal-taxon,deploy-on-date,deploy-off-date,animal-comments,animal-death-comments,animal-life-stage,animal-mass,animal-reproductive-condition,animal-ring-id,animal-sex,attachment-type,deploy-on-latitude,deploy-on-longitude,deployment-comments,deployment-id,duty-cycle,manipulation-type,study-site,tag-manufacturer-name,tag-mass,tag-model,tag-readout-method
32959,966-56213,Clangula hyemalis,2002-08-08 04:30:00.000,2003-01-03 07:39:03.000,27.3,dead,adult,693.0,Simultaneous molt of flight feathers,966-56213,f,implant,70.173,-146.252,culmen 27.3 mm; total tarsus 42.5 mm; ninth primary NA,BSE-02-966-56213,"6 hr on:187 hr off (193 hr cycle) for 321d, then 6 hr on:19 hr off (25 hr cycle)",none,Beaufort Sea,"Microwave Telemetry, Inc.",42.0,PTT-100,satellite
32957,966-56211,Clangula hyemalis,2002-08-08 12:14:00.000,2003-08-15 10:20:05.000,23.6,alive,adult,678.0,Simultaneous molt of flight feathers,966-56211,f,implant,70.172,-146.228,culmen 23.6 mm; total tarsus 42.7 mm; ninth primary 26 mm,BSE-02-966-56211,"6 hr on:187 hr off (193 hr cycle) for 321d, then 6 hr on:19 hr off (25 hr cycle)",none,Beaufort Sea,"Microwave Telemetry, Inc.",42.0,PTT-100,satellite
32958,966-56212,Clangula hyemalis,2002-08-08 14:30:00.000,2003-02-19 16:47:01.000,26.5,dead,adult,683.0,Simultaneous molt of flight feathers,966-56212,f,implant,70.173,-146.252,culmen 26.5 mm; total tarsus 39 mm; ninth primary NA,BSE-02-966-56212,"6 hr on:187 hr off (193 hr cycle) for 321d, then 6 hr on:19 hr off (25 hr cycle)",none,Beaufort Sea,"Microwave Telemetry, Inc.",42.0,PTT-100,satellite
32960,966-56214,Clangula hyemalis,2002-08-09 06:29:00.000,2003-08-30 13:35:01.000,26.4,alive,adult,718.0,Simultaneous molt of flight feathers,966-56214,f,implant,70.173,-146.252,culmen 26.4 mm; total tarsus 42 mm; ninth primary 19 mm,BSE-02-966-56214,"6 hr on:187 hr off (193 hr cycle) for 321d, then 6 hr on:19 hr off (25 hr cycle)",none,Beaufort Sea,"Microwave Telemetry, Inc.",42.0,PTT-100,satellite
32961,966-56215,Clangula hyemalis,2002-08-09 10:29:00.000,2003-09-24 06:56:02.000,28.4,alive,adult,818.0,Simultaneous molt of flight feathers,966-56215,f,implant,70.173,-146.252,culmen 28.4 mm; total tarsus 44.7 mm; ninth primary 11 mm,BSE-02-966-56215,"6 hr on:187 hr off (193 hr cycle) for 321d, then 6 hr on:19 hr off (25 hr cycle)",none,Beaufort Sea,"Microwave Telemetry, Inc.",42.0,PTT-100,satellite
32962,966-56216,Clangula hyemalis,2002-08-09 11:36:00.000,2003-09-18 19:59:04.000,24.1,alive,adult,674.0,Simultaneous molt of flight feathers,966-56216,f,implant,70.173,-146.252,culmen 24.1 mm; total tarsus 40.9 mm; ninth primary NA,BSE-02-966-56216,"6 hr on:187 hr off (193 hr cycle) for 321d, then 6 hr on:19 hr off (25 hr cycle)",none,Beaufort Sea,"Microwave Telemetry, Inc.",42.0,PTT-100,satellite
32963,966-56217,Clangula hyemalis,2002-08-09 11:36:00.000,2003-09-13 15:52:02.000,28.2,alive,adult,701.0,Simultaneous molt of flight feathers,966-56217,f,implant,70.173,-146.252,culmen 28.2 mm; total tarsus 42.1 mm; ninth primary 20 mm,BSE-02-966-56217,"6 hr on:187 hr off (193 hr cycle) for 321d, then 6 hr on:19 hr off (25 hr cycle)",none,Beaufort Sea,"Microwave Telemetry, Inc.",42.0,PTT-100,satellite
32964,966-56218,Clangula hyemalis,2002-08-09 12:30:00.000,2003-09-24 02:34:00.000,25.8,alive,adult,713.0,Simultaneous molt of flight feathers,966-56218,f,implant,70.173,-146.252,culmen 25.8 mm; total tarsus 42.6 mm; ninth primary 11 mm,BSE-02-966-56218,"6 hr on:187 hr off (193 hr cycle) for 321d, then 6 hr on:19 hr off (25 hr cycle)",none,Beaufort Sea,"Microwave Telemetry, Inc.",42.0,PTT-100,satellite
32966,966-56220,Clangula hyemalis,2002-08-09 12:58:00.000,2003-10-13 19:13:01.000,28.7,alive,adult,798.0,Simultaneous molt of flight feathers,966-56220,f,implant,70.173,-146.252,culmen 28.7 mm; total tarsus 42.1 mm; ninth primary 12 mm,BSE-02-966-56220,"6 hr on:187 hr off (193 hr cycle) for 321d, then 6 hr on:19 hr off (25 hr cycle)",none,Beaufort Sea,"Microwave Telemetry, Inc.",41.0,PTT-100,satellite
32965,966-56219,Clangula hyemalis,2002-08-09 23:25:00.000,2003-10-01 05:54:05.000,26.4,alive,adult,785.0,Simultaneous molt of flight feathers,966-56219,f,implant,70.173,-146.252,culmen 26.4 mm; total tarsus 44.7 mm; ninth primary NA,BSE-02-966-56219,"6 hr on:187 hr off (193 hr cycle) for 321d, then 6 hr on:19 hr off (25 hr cycle)",none,Beaufort Sea,"Microwave Telemetry, Inc.",42.0,PTT-100,satellite
32967,966-56221,Clangula hyemalis,2002-08-10 01:09:00.000,2002-12-25 11:46:03.000,26.8,alive,adult,740.0,Simultaneous molt of flight feathers,966-56221,f,implant,70.173,-146.252,culmen 26.8 mm; total tarsus 42.7 mm; ninth primary 2 mm,BSE-02-966-56221,"6 hr on:187 hr off (193 hr cycle) for 321d, then 6 hr on:19 hr off (25 hr cycle)",none,Beaufort Sea,"Microwave Telemetry, Inc.",42.0,PTT-100,satellite
32969,966-56223,Clangula hyemalis,2002-08-10 10:15:00.000,2002-12-12 15:27:03.000,27.5,alive,adult,671.0,Simultaneous molt of flight feathers,966-56223,f,implant,70.173,-146.252,culmen 27.5 mm; total tarsus 41.6 mm; ninth primary 22 mm,BSE-02-966-56223,"6 hr on:187 hr off (193 hr cycle) for 321d, then 6 hr on:19 hr off (25 hr cycle)",none,Beaufort Sea,"Microwave Telemetry, Inc.",41.0,PTT-100,satellite
32968,966-56222,Clangula hyemalis,2002-08-10 10:15:00.000,2003-01-08 17:16:04.000,26.9,alive,adult,772.0,Simultaneous molt of flight feathers,966-56222,f,implant,70.173,-146.252,culmen 26.9 mm; total tarsus 41.7 mm; ninth primary 9 mm,BSE-02-966-56222,"6 hr on:187 hr off (193 hr cycle) for 321d, then 6 hr on:19 hr off (25 hr cycle)",none,Beaufort Sea,"Microwave Telemetry, Inc.",42.0,PTT-100,satellite
32971,966-56225,Clangula hyemalis,2002-08-10 12:00:00.000,2003-01-25 22:10:05.000,27.6,dead,adult,676.0,Simultaneous molt of flight feathers,966-56225,f,implant,70.173,-146.252,culmen 27.6 mm; total tarsus 43.3 mm; ninth primary 16 mm,BSE-02-966-56225,"6 hr on:187 hr off (193 hr cycle) for 321d, then 6 hr on:19 hr off (25 hr cycle)",none,Beaufort Sea,"Microwave Telemetry, Inc.",44.0,PTT-100,satellite
32970,966-56224,Clangula hyemalis,2002-08-10 12:00:00.000,2003-04-23 04:32:02.000,27.9,dead,adult,675.0,Simultaneous molt of flight feathers,966-56224,f,implant,70.173,-146.252,culmen 27.9 mm; total tarsus 41.2 mm; ninth primary 11 mm,BSE-02-966-56224,"6 hr on:187 hr off (193 hr cycle) for 321d, then 6 hr on:19 hr off (25 hr cycle)",none,Beaufort Sea,"Microwave Telemetry, Inc.",41.0,PTT-100,satellite
32972,966-56226,Clangula hyemalis,2002-08-10 13:10:00.000,2003-05-31 03:05:04.000,24.9,dead,adult,671.0,Simultaneous molt of flight feathers,966-56226,f,implant,70.173,-146.252,culmen 24.9 mm; total tarsus 43.4 mm; ninth primary 44 mm,BSE-02-966-56226,"6 hr on:187 hr off (193 hr cycle) for 321d, then 6 hr on:19 hr off (25 hr cycle)",none,Beaufort Sea,"Microwave Telemetry, Inc.",42.0,PTT-100,satellite
32973,966-56227,Clangula hyemalis,2002-08-10 23:40:00.000,2003-09-30 02:38:03.000,28.3,alive,adult,740.0,Simultaneous molt of flight feathers,966-56227,f,implant,70.173,-146.252,culmen 28.3 mm; total tarsus 42.3 mm; ninth primary 15 mm,BSE-02-966-56227,"6 hr on:187 hr off (193 hr cycle) for 321d, then 6 hr on:19 hr off (25 hr cycle)",none,Beaufort Sea,"Microwave Telemetry, Inc.",41.0,PTT-100,satellite
32975,966-56228,Clangula hyemalis,2002-08-10 23:40:00.000,2003-01-06 17:54:04.000,27.4,dead,adult,721.0,Simultaneous molt of flight feathers,966-56228,f,implant,70.173,-146.252,culmen 27.4 mm; total tarsus 45.4 mm; ninth primary 17 mm,BSE-02-966-56228,"6 hr on:187 hr off (193 hr cycle) for 321d, then 6 hr on:19 hr off (25 hr cycle)",none,Beaufort Sea,"Microwave Telemetry, Inc.",41.0,PTT-100,satellite
32976,966-56229,Clangula hyemalis,2002-08-11 01:55:00.000,2002-12-24 10:19:05.000,29.2,alive,adult,624.0,Simultaneous molt of flight feathers,966-56229,f,implant,70.173,-146.252,culmen 29.2 mm; total tarsus 42.4 mm; ninth primary 75 mm,BSE-02-966-56229,6 hr on:19 hr off; 25 hr cycle,none,Beaufort Sea,"Microwave Telemetry, Inc.",41.0,PTT-100,satellite
32977,966-56230,Clangula hyemalis,2002-08-11 01:55:00.000,2002-11-25 15:13:05.000,28.6,alive,adult,637.0,Simultaneous molt of flight feathers,966-56230,f,implant,70.173,-146.252,culmen 28.6 mm; total tarsus 43.1 mm; ninth primary NA,BSE-02-966-56230,6 hr on:19 hr off; 25 hr cycle,none,Beaufort Sea,"Microwave Telemetry, Inc.",43.0,PTT-100,satellite
32979,966-56232,Clangula hyemalis,2002-08-12 12:38:00.000,2002-12-02 04:59:04.000,28,alive,adult,664.0,Simultaneous molt of flight feathers,966-56232,f,implant,70.173,-146.252,culmen 28 mm; total tarsus 44.5 mm; ninth primary 61 mm,BSE-02-966-56232,6 hr on:19 hr off; 25 hr cycle,none,Beaufort Sea,"Microwave Telemetry, Inc.",42.0,PTT-100,satellite
32978,966-56231,Clangula hyemalis,2002-08-12 13:38:00.000,2003-01-08 20:35:05.000,26.6,alive,adult,654.0,Simultaneous molt of flight feathers,966-56231,f,implant,70.173,-146.252,culmen 26.6 mm; total tarsus 41.5 mm; ninth primary 30 mm,BSE-02-966-56231,6 hr on:19 hr off; 25 hr cycle,none,Beaufort Sea,"Microwave Telemetry, Inc.",41.0,PTT-100,satellite
32983,966-56236,Clangula hyemalis,2002-08-12 23:31:00.000,2002-11-17 02:46:00.000,29.3,alive,adult,726.0,Simultaneous molt of flight feathers,966-56236,f,implant,70.173,-146.252,culmen 29.3 mm; total tarsus 45.1 mm; ninth primary 33 mm,BSE-02-966-56236,6 hr on:19 hr off; 25 hr cycle,none,Beaufort Sea,"Microwave Telemetry, Inc.",41.0,PTT-100,satellite
32982,966-56235,Clangula hyemalis,2002-08-12 23:31:00.000,2002-11-25 08:35:00.000,26,alive,adult,742.0,Simultaneous molt of flight feathers,966-56235,f,implant,70.173,-146.252,culmen 26 mm; total tarsus 40.9 mm; ninth primary 32 mm,BSE-02-966-56235,6 hr on:19 hr off; 25 hr cycle,none,Beaufort Sea,"Microwave Telemetry, Inc.",42.0,PTT-100,satellite
32989,966-56238,Clangula hyemalis,2002-08-13 01:12:00.000,2002-08-17 06:22:02.000,26.2,censored (no valid data after 14 days post-release),adult,696.0,Simultaneous molt of flight feathers,966-56238,f,implant,70.173,-146.252,culmen 26.2 mm; total tarsus 43.9 mm; ninth primary 8 mm,BSE-02-966-56238,6 hr on:19 hr off; 25 hr cycle,none,Beaufort Sea,"Microwave Telemetry, Inc.",41.0,PTT-100,satellite
32985,966-56237,Clangula hyemalis,2002-08-13 01:12:00.000,2003-01-02 11:38:03.000,26.7,alive,adult,736.0,Simultaneous molt of flight feathers,966-56237,f,implant,70.173,-146.252,culmen 26.7 mm; total tarsus 42.6 mm; ninth primary 21 mm,BSE-02-966-56237,6 hr on:19 hr off; 25 hr cycle,none,Beaufort Sea,"Microwave Telemetry, Inc.",42.0,PTT-100,satellite
32981,966-56234,Clangula hyemalis,2002-08-13 01:25:00.000,2002-12-24 08:04:05.000,27.4,alive,adult,689.0,Simultaneous molt of flight feathers,966-56234,f,implant,70.173,-146.252,culmen 27.4 mm; total tarsus 42.1 mm; ninth primary 64 mm,BSE-02-966-56234,6 hr on:19 hr off; 25 hr cycle,none,Beaufort Sea,"Microwave Telemetry, Inc.",42.0,PTT-100,satellite
32980,966-56233,Clangula hyemalis,2002-08-13 01:25:00.000,2002-12-13 05:25:04.000,28.1,dead,adult,713.0,Simultaneous molt of flight feathers,966-56233,f,implant,70.173,-146.252,culmen 28.1 mm; total tarsus 42.8 mm; ninth primary 17 mm,BSE-02-966-56233,6 hr on:19 hr off; 25 hr cycle,none,Beaufort Sea,"Microwave Telemetry, Inc.",43.0,PTT-100,satellite
32991,966-56239,Clangula hyemalis,2002-08-13 03:15:00.000,2002-11-22 00:17:00.000,24.6,alive,adult,653.0,Simultaneous molt of flight feathers,966-56239,f,implant,70.173,-146.252,culmen 24.6 mm; total tarsus 43.3 mm; ninth primary 13 mm,BSE-02-966-56239,6 hr on:19 hr off; 25 hr cycle,none,Beaufort Sea,"Microwave Telemetry, Inc.",44.0,PTT-100,satellite
32992,966-56240,Clangula hyemalis,2002-08-13 05:15:00.000,2002-12-08 08:12:03.000,26.6,alive,adult,632.0,Simultaneous molt of flight feathers,966-56240,f,implant,70.173,-146.252,culmen 26.6 mm; total tarsus 41.4 mm; ninth primary 43 mm,BSE-02-966-56240,6 hr on:19 hr off; 25 hr cycle,none,Beaufort Sea,"Microwave Telemetry, Inc.",41.0,PTT-100,satellite
15736,966-01701,Clangula hyemalis,2003-08-10 12:30:00.000,2004-08-03 05:54:01.000,25.3,dead,adult,708.0,Simultaneous molt of flight feathers,966-01701,f,implant,70.556,-146.323,culmen 25.3 mm; total tarsus 43 mm; ninth primary NA,BSE-03-966-01701,"6 hr on:187 hr off (193 hr cycle) for 321d, then 6 hr on:19 hr off (25 hr cycle)",none,Beaufort Sea,"Microwave Telemetry, Inc.",42.0,PTT-100,satellite
15734,966-01704,Clangula hyemalis,2003-08-10 12:30:00.000,2004-05-25 11:16:03.000,25.4,dead,adult,615.0,Simultaneous molt of flight feathers,966-01704,f,implant,70.556,-146.323,culmen 25.4 mm; total tarsus 44.2 mm; ninth primary 47 mm,BSE-03-966-01704,"6 hr on:187 hr off (193 hr cycle) for 321d, then 6 hr on:19 hr off (25 hr cycle)",none,Beaufort Sea,"Microwave Telemetry, Inc.",42.0,PTT-100,satellite
15737,966-01703,Clangula hyemalis,2003-08-10 12:30:00.000,2004-10-10 02:47:04.000,25.4,alive,adult,693.0,Simultaneous molt of flight feathers,966-01703,f,implant,70.556,-146.323,culmen 25.4 mm; total tarsus 42.6 mm; ninth primary NA,BSE-03-966-01703,"6 hr on:187 hr off (193 hr cycle) for 321d, then 6 hr on:19 hr off (25 hr cycle)",none,Beaufort Sea,"Microwave Telemetry, Inc.",42.0,PTT-100,satellite
15735,966-01702,Clangula hyemalis,2003-08-10 12:30:00.000,2004-10-06 19:18:05.000,24.8,alive,adult,641.0,Simultaneous molt of flight feathers,966-01702,f,implant,70.556,-146.323,culmen 24.8 mm; total tarsus 41.9 mm; ninth primary NA,BSE-03-966-01702,"6 hr on:187 hr off (193 hr cycle) for 321d, then 6 hr on:19 hr off (25 hr cycle)",none,Beaufort Sea,"Microwave Telemetry, Inc.",42.0,PTT-100,satellite
15738,966-01705,Clangula hyemalis,2003-08-11 00:05:00.000,2004-04-06 23:49:00.000,26.7,dead,adult,746.0,Simultaneous molt of flight feathers,966-01705,f,implant,70.556,-146.323,culmen 26.7 mm; total tarsus 46.6 mm; ninth primary 21 mm,BSE-03-966-01705,"6 hr on:187 hr off (193 hr cycle) for 321d, then 6 hr on:19 hr off (25 hr cycle)",none,Beaufort Sea,"Microwave Telemetry, Inc.",42.0,PTT-100,satellite
15744,966-01707,Clangula hyemalis,2003-08-11 00:52:00.000,2003-08-11 02:32:02.000,26.3,censored (no valid data after 14 days post-release),adult,584.0,Simultaneous molt of flight feathers,966-01707,f,implant,70.556,-146.323,culmen 26.3 mm; total tarsus 40.6 mm; ninth primary NA,BSE-03-966-01707,"6 hr on:187 hr off (193 hr cycle) for 321d, then 6 hr on:19 hr off (25 hr cycle)",none,Beaufort Sea,"Microwave Telemetry, Inc.",42.0,PTT-100,satellite
15745,966-01708,Clangula hyemalis,2003-08-11 00:52:00.000,2003-09-03 17:47:04.000,26.5,dead,adult,668.0,Simultaneous molt of flight feathers,966-01708,f,implant,70.556,-146.323,culmen 26.5 mm; total tarsus 38 mm; ninth primary NA,BSE-03-966-01708,"6 hr on:187 hr off (193 hr cycle) for 321d, then 6 hr on:19 hr off (25 hr cycle)",none,Beaufort Sea,"Microwave Telemetry, Inc.",42.0,PTT-100,satellite
15739,966-01706,Clangula hyemalis,2003-08-11 00:52:00.000,2003-08-11 02:31:02.000,27.5,censored (no valid data after 14 days post-release),adult,743.0,Simultaneous molt of flight feathers,966-01706,f,implant,70.556,-146.323,culmen 27.5 mm; total tarsus 42 mm; ninth primary 14 mm,BSE-03-966-01706,"6 hr on:187 hr off (193 hr cycle) for 321d, then 6 hr on:19 hr off (25 hr cycle)",none,Beaufort Sea,"Microwave Telemetry, Inc.",42.0,PTT-100,satellite
20001,966-01709,Clangula hyemalis,2003-08-13 09:46:00.000,2004-10-09 07:43:01.000,28.1,alive,adult,744.0,Simultaneous molt of flight feathers,966-01709,f,implant,70.556,-146.323,culmen 28.1 mm; total tarsus 44 mm; ninth primary NA,BSE-03-966-01709,"6 hr on:187 hr off (193 hr cycle) for 321d, then 6 hr on:19 hr off (25 hr cycle)",none,Beaufort Sea,"Microwave Telemetry, Inc.",42.0,PTT-100,satellite
20003,966-01710,Clangula hyemalis,2003-08-13 09:46:00.000,2004-12-02 14:34:03.000,26.8,alive,adult,698.0,Simultaneous molt of flight feathers,966-01710,f,implant,70.556,-146.323,culmen 26.8 mm; total tarsus 43.6 mm; ninth primary 14 mm,BSE-03-966-01710,"6 hr on:187 hr off (193 hr cycle) for 321d, then 6 hr on:19 hr off (25 hr cycle)",none,Beaufort Sea,"Microwave Telemetry, Inc.",42.0,PTT-100,satellite
32976,966-01711,Clangula hyemalis,2004-08-03 09:30:00.000,2004-12-01 20:32:05.000,24.3,alive,adult,641.0,Simultaneous molt of flight feathers,966-01711,f,implant,70.173,-146.252,culmen 24.3 mm; total tarsus 42.4 mm; ninth primary NA,BSE-04-966-01711,6 hr on:19 hr off; 25 hr cycle,none,Beaufort Sea,"Microwave Telemetry, Inc.",41.0,PTT-100,satellite
32978,966-01713,Clangula hyemalis,2004-08-03 10:30:00.000,2004-11-09 16:56:04.000,19.4,dead,adult,672.0,Simultaneous molt of flight feathers,966-01713,f,implant,70.173,-146.252,culmen 19.4 mm; total tarsus 34.3 mm; ninth primary NA,BSE-04-966-01713,6 hr on:19 hr off; 25 hr cycle,none,Beaufort Sea,"Microwave Telemetry, Inc.",41.0,PTT-100,satellite
32979,966-01714,Clangula hyemalis,2004-08-03 11:00:00.000,2004-12-20 22:31:03.000,21.2,alive,adult,696.0,Simultaneous molt of flight feathers,966-01714,f,implant,70.173,-146.252,culmen 21.2 mm; total tarsus 33.2 mm; ninth primary 5 mm,BSE-04-966-01714,6 hr on:19 hr off; 25 hr cycle,none,Beaufort Sea,"Microwave Telemetry, Inc.",42.0,PTT-100,satellite
32980,966-01716,Clangula hyemalis,2004-08-03 12:00:00.000,2004-12-16 22:20:00.000,22.8,alive,adult,665.0,Simultaneous molt of flight feathers,966-01716,f,implant,70.173,-146.252,culmen 22.8 mm; total tarsus 40.3 mm; ninth primary 3 mm,BSE-04-966-01716,6 hr on:19 hr off; 25 hr cycle,none,Beaufort Sea,"Microwave Telemetry, Inc.",43.0,PTT-100,satellite
32981,966-01715,Clangula hyemalis,2004-08-03 12:00:00.000,2004-12-14 05:01:04.000,25.4,alive,adult,834.0,Simultaneous molt of flight feathers,966-01715,f,implant,70.173,-146.252,culmen 25.4 mm; total tarsus 42.3 mm; ninth primary NA,BSE-04-966-01715,6 hr on:19 hr off; 25 hr cycle,none,Beaufort Sea,"Microwave Telemetry, Inc.",42.0,PTT-100,satellite
32977,966-01712,Clangula hyemalis,2004-08-03 12:00:00.000,2004-12-05 19:05:05.000,26.6,alive,adult,733.0,Simultaneous molt of flight feathers,966-01712,f,implant,70.173,-146.252,culmen 26.6 mm; total tarsus 46.9 mm; ninth primary NA,BSE-04-966-01712,6 hr on:19 hr off; 25 hr cycle,none,Beaufort Sea,"Microwave Telemetry, Inc.",43.0,PTT-100,satellite
32982,966-01718,Clangula hyemalis,2004-08-03 12:30:00.000,2004-10-23 22:49:03.000,26.6,dead,adult,663.0,Simultaneous molt of flight feathers,966-01718,f,implant,70.173,-146.252,culmen 26.6 mm; total tarsus 40.3 mm; ninth primary NA,BSE-04-966-01718,6 hr on:19 hr off; 25 hr cycle,none,Beaufort Sea,"Microwave Telemetry, Inc.",42.0,PTT-100,satellite
32983,966-01717,Clangula hyemalis,2004-08-03 13:30:00.000,2004-12-21 21:02:00.000,27.7,alive,adult,761.0,Simultaneous molt of flight feathers,966-01717,f,implant,70.173,-146.252,culmen 27.7 mm; total tarsus 41.7 mm; ninth primary 2 mm,BSE-04-966-01717,6 hr on:19 hr off; 25 hr cycle,none,Beaufort Sea,"Microwave Telemetry, Inc.",41.0,PTT-100,satellite
32984,966-01719,Clangula hyemalis,2004-08-03 13:30:00.000,2004-12-16 21:23:04.000,25.8,alive,adult,668.0,Simultaneous molt of flight feathers,966-01719,f,implant,70.173,-146.252,culmen 25.8 mm; total tarsus 42.2 mm; ninth primary NA,BSE-04-966-01719,6 hr on:19 hr off; 25 hr cycle,none,Beaufort Sea,"Microwave Telemetry, Inc.",43.0,PTT-100,satellite
32985,966-01720,Clangula hyemalis,2004-08-03 13:30:00.000,2004-12-14 10:58:00.000,25.6,alive,adult,675.0,Simultaneous molt of flight feathers,966-01720,f,implant,70.173,-146.252,culmen 25.6 mm; total tarsus 35.3 mm; ninth primary 14 mm,BSE-04-966-01720,6 hr on:19 hr off; 25 hr cycle,none,Beaufort Sea,"Microwave Telemetry, Inc.",42.0,PTT-100,satellite
32986,966-01721,Clangula hyemalis,2004-08-03 14:30:00.000,2004-08-10 04:56:03.000,25.7,censored (no valid data after 14 days post-release),adult,678.0,Simultaneous molt of flight feathers,966-01721,f,implant,70.173,-146.252,culmen 25.7 mm; total tarsus 41.7 mm; ninth primary NA,BSE-04-966-01721,6 hr on:19 hr off; 25 hr cycle,none,Beaufort Sea,"Microwave Telemetry, Inc.",43.3,PTT-100,satellite
32987,966-01722,Clangula hyemalis,2004-08-03 14:30:00.000,2004-11-18 01:58:03.000,28,dead,adult,730.0,Simultaneous molt of flight feathers,966-01722,f,implant,70.173,-146.252,culmen 28 mm; total tarsus 41.3 mm; ninth primary 4 mm,BSE-04-966-01722,6 hr on:19 hr off; 25 hr cycle,none,Beaufort Sea,"Microwave Telemetry, Inc.",42.3,PTT-100,satellite
20005,966-01723,Clangula hyemalis,2004-08-04 00:00:00.000,2005-03-27 02:40:05.000,28,dead,adult,696.0,Simultaneous molt of flight feathers,966-01723,f,implant,70.173,-146.252,culmen 28 mm; total tarsus 39.1 mm; ninth primary 5 mm,BSE-04-966-01723,"6 hr on:187 hr off (193 hr cycle) for 321d, then 6 hr on:19 hr off (25 hr cycle)",none,Beaufort Sea,"Microwave Telemetry, Inc.",41.8,PTT-100,satellite
20836,966-01724,Clangula hyemalis,2004-08-04 00:00:00.000,2005-10-31 05:15:00.000,26.4,alive,adult,656.0,Simultaneous molt of flight feathers,966-01724,f,implant,70.173,-146.252,culmen 26.4 mm; total tarsus 39.9 mm; ninth primary 11 mm,BSE-04-966-01724,"6 hr on:187 hr off (193 hr cycle) for 321d, then 6 hr on:19 hr off (25 hr cycle)",none,Beaufort Sea,"Microwave Telemetry, Inc.",42.4,PTT-100,satellite
20838,966-01725,Clangula hyemalis,2004-08-04 04:30:00.000,2004-12-01 19:50:00.000,26.1,alive,adult,567.0,Simultaneous molt of flight feathers,966-01725,f,implant,70.173,-146.252,culmen 26.1 mm; total tarsus 40.2 mm; ninth primary 18 mm,BSE-04-966-01725,"6 hr on:187 hr off (193 hr cycle) for 321d, then 6 hr on:19 hr off (25 hr cycle)",none,Beaufort Sea,"Microwave Telemetry, Inc.",43.6,PTT-100,satellite
32955,966-01729,Clangula hyemalis,2004-08-06 05:10:00.000,2005-08-15 00:23:03.000,24.6,alive,adult,748.0,Simultaneous molt of flight feathers,966-01729,f,implant,70.173,-146.252,culmen 24.6 mm; total tarsus 40.2 mm; ninth primary 15 mm,BSE-04-966-01729,"6 hr on:187 hr off (193 hr cycle) for 321d, then 6 hr on:19 hr off (25 hr cycle)",none,Beaufort Sea,"Microwave Telemetry, Inc.",43.2,PTT-100,satellite
32953,966-01727,Clangula hyemalis,2004-08-06 05:10:00.000,2005-03-30 21:55:05.000,26.2,dead,adult,709.0,Simultaneous molt of flight feathers,966-01727,f,implant,70.173,-146.252,culmen 26.2 mm; total tarsus 39 mm; ninth primary 25 mm,BSE-04-966-01727,"6 hr on:187 hr off (193 hr cycle) for 321d, then 6 hr on:19 hr off (25 hr cycle)",none,Beaufort Sea,"Microwave Telemetry, Inc.",42.6,PTT-100,satellite
32952,966-01726,Clangula hyemalis,2004-08-06 05:10:00.000,2004-11-30 04:35:04.000,30,dead,adult,753.0,Simultaneous molt of flight feathers,966-01726,f,implant,70.173,-146.252,culmen 30 mm; total tarsus 38.9 mm; ninth primary 38 mm,BSE-04-966-01726,"6 hr on:187 hr off (193 hr cycle) for 321d, then 6 hr on:19 hr off (25 hr cycle)",none,Beaufort Sea,"Microwave Telemetry, Inc.",42.0,PTT-100,satellite
32954,966-01728,Clangula hyemalis,2004-08-06 05:10:00.000,2005-04-28 03:24:00.000,24.1,alive,adult,747.0,Simultaneous molt of flight feathers,966-01728,f,implant,70.173,-146.252,culmen 24.1 mm; total tarsus 39.4 mm; ninth primary 35 mm,BSE-04-966-01728,"6 hr on:187 hr off (193 hr cycle) for 321d, then 6 hr on:19 hr off (25 hr cycle)",none,Beaufort Sea,"Microwave Telemetry, Inc.",43.0,PTT-100,satellite
32956,966-01730,Clangula hyemalis,2004-08-06 06:55:00.000,2005-06-05 18:47:02.000,26.7,alive,adult,679.0,Simultaneous molt of flight feathers,966-01730,f,implant,70.173,-146.252,culmen 26.7 mm; total tarsus 39.7 mm; ninth primary 8 mm,BSE-04-966-01730,"6 hr on:187 hr off (193 hr cycle) for 321d, then 6 hr on:19 hr off (25 hr cycle)",none,Beaufort Sea,"Microwave Telemetry, Inc.",42.7,PTT-100,satellite
32988,966-01731,Clangula hyemalis,2004-08-06 06:55:00.000,2004-11-17 04:11:01.000,27.1,dead,adult,691.0,Simultaneous molt of flight feathers,966-01731,f,implant,70.173,-146.252,culmen 27.1 mm; total tarsus 39.3 mm; ninth primary 17 mm,BSE-04-966-01731,"6 hr on:187 hr off (193 hr cycle) for 321d, then 6 hr on:19 hr off (25 hr cycle)",none,Beaufort Sea,"Microwave Telemetry, Inc.",44.5,PTT-100,satellite
32989,966-01732,Clangula hyemalis,2004-08-06 07:20:00.000,2004-12-27 15:35:05.000,26.6,dead,adult,705.0,Simultaneous molt of flight feathers,966-01732,f,implant,70.173,-146.252,culmen 26.6 mm; total tarsus 37.7 mm; ninth primary NA,BSE-04-966-01732,"6 hr on:187 hr off (193 hr cycle) for 321d, then 6 hr on:19 hr off (25 hr cycle)",none,Beaufort Sea,"Microwave Telemetry, Inc.",41.0,PTT-100,satellite
32990,966-01733,Clangula hyemalis,2004-08-06 07:20:00.000,2005-06-08 21:50:05.000,25.4,dead,adult,726.0,Simultaneous molt of flight feathers,966-01733,f,implant,70.173,-146.252,culmen 25.4 mm; total tarsus 37 mm; ninth primary 32 mm,BSE-04-966-01733,"6 hr on:187 hr off (193 hr cycle) for 321d, then 6 hr on:19 hr off (25 hr cycle)",none,Beaufort Sea,"Microwave Telemetry, Inc.",44.3,PTT-100,satellite
32994,966-01737,Clangula hyemalis,2004-08-06 09:10:00.000,2005-04-25 00:55:02.000,27.1,alive,adult,714.0,Simultaneous molt of flight feathers,966-01737,f,implant,70.173,-146.252,culmen 27.1 mm; total tarsus 40.5 mm; ninth primary 16 mm,BSE-04-966-01737,"6 hr on:187 hr off (193 hr cycle) for 321d, then 6 hr on:19 hr off (25 hr cycle)",none,Beaufort Sea,"Microwave Telemetry, Inc.",44.2,PTT-100,satellite
32993,966-01736,Clangula hyemalis,2004-08-06 09:10:00.000,2005-02-16 23:47:01.000,26.5,dead,adult,714.0,Simultaneous molt of flight feathers,966-01736,f,implant,70.173,-146.252,culmen 26.5 mm; total tarsus 40.2 mm; ninth primary 10 mm,BSE-04-966-01736,"6 hr on:187 hr off (193 hr cycle) for 321d, then 6 hr on:19 hr off (25 hr cycle)",none,Beaufort Sea,"Microwave Telemetry, Inc.",43.9,PTT-100,satellite
32992,966-01735,Clangula hyemalis,2004-08-06 09:10:00.000,2004-12-03 20:36:04.000,25.9,dead,adult,700.0,Simultaneous molt of flight feathers,966-01735,f,implant,70.173,-146.252,culmen 25.9 mm; total tarsus 40.3 mm; ninth primary 51 mm,BSE-04-966-01735,"6 hr on:187 hr off (193 hr cycle) for 321d, then 6 hr on:19 hr off (25 hr cycle)",none,Beaufort Sea,"Microwave Telemetry, Inc.",41.0,PTT-100,satellite
32991,966-01734,Clangula hyemalis,2004-08-06 09:10:00.000,2005-08-19 14:58:05.000,28.7,alive,adult,887.0,Simultaneous molt of flight feathers,966-01734,f,implant,70.173,-146.252,culmen 28.7 mm; total tarsus 42.3 mm; ninth primary 8 mm,BSE-04-966-01734,"6 hr on:187 hr off (193 hr cycle) for 321d, then 6 hr on:19 hr off (25 hr cycle)",none,Beaufort Sea,"Microwave Telemetry, Inc.",44.0,PTT-100,satellite
32995,966-01738,Clangula hyemalis,2004-08-06 10:20:00.000,2005-09-19 08:06:04.000,26.8,alive,adult,748.0,Simultaneous molt of flight feathers,966-01738,f,implant,70.173,-146.252,culmen 26.8 mm; total tarsus 40.1 mm; ninth primary 6 mm,BSE-04-966-01738,"6 hr on:187 hr off (193 hr cycle) for 321d, then 6 hr on:19 hr off (25 hr cycle)",none,Beaufort Sea,"Microwave Telemetry, Inc.",43.7,PTT-100,satellite
32997,966-01740,Clangula hyemalis,2004-08-06 10:20:00.000,2004-10-16 05:07:01.000,28.6,dead,adult,566.0,Simultaneous molt of flight feathers,966-01740,f,implant,70.173,-146.252,culmen 28.6 mm; total tarsus 39.7 mm; ninth primary 12 mm,BSE-04-966-01740,"6 hr on:187 hr off (193 hr cycle) for 321d, then 6 hr on:19 hr off (25 hr cycle)",none,Beaufort Sea,"Microwave Telemetry, Inc.",43.9,PTT-100,satellite
32998,966-01741,Clangula hyemalis,2004-08-06 10:20:00.000,2004-10-10 00:43:04.000,24.9,alive,adult,756.0,Simultaneous molt of flight feathers,966-01741,f,implant,70.173,-146.252,culmen 24.9 mm; total tarsus 41.2 mm; ninth primary 17 mm,BSE-04-966-01741,6 hr on:19 hr off; 25 hr cycle,none,Beaufort Sea,"Microwave Telemetry, Inc.",20.7,PTT-100,satellite
32996,966-01739,Clangula hyemalis,2004-08-06 10:20:00.000,2004-12-12 15:10:00.000,22.6,dead,adult,775.0,Simultaneous molt of flight feathers,966-01739,f,implant,70.173,-146.252,culmen 22.6 mm; total tarsus 43.2 mm; ninth primary 31 mm,BSE-04-966-01739,"6 hr on:187 hr off (193 hr cycle) for 321d, then 6 hr on:19 hr off (25 hr cycle)",none,Beaufort Sea,"Microwave Telemetry, Inc.",43.2,PTT-100,satellite
