event-id,visible,timestamp,location-long,location-lat,behavioural-classification,comments,habitat,study-specific-measurement,sensor-type,individual-taxon-canonical-name,tag-local-identifier,individual-local-identifier,study-name
1151570924,true,2005-07-02 15:00:00.000,-42.55105277422017,-22.528285366227525,"NA","capture","trap","2.31-6-1","radio-transmitter","Chironectes minimus","GODO","M1-GODO","Spatial ecology of the water opossum (data from Leite et al. 2016)"
1151570925,true,2005-07-02 16:00:00.000,-42.55235923272987,-22.526391287631842,"no_activity","radio","shelter","2.31-6-1","radio-transmitter","Chironectes minimus","GODO","M1-GODO","Spatial ecology of the water opossum (data from Leite et al. 2016)"
1151570926,true,2005-07-04 20:40:00.000,-42.54468060043591,-22.522626936422913,"no_activity","radio","den","0.16-2-0","radio-transmitter","Chironectes minimus","GODO","M1-GODO","Spatial ecology of the water opossum (data from Leite et al. 2016)"
1151570927,true,2005-07-04 23:32:00.000,-42.54194247925329,-22.529636054050517,"no_activity","radio","watercourse","4.07-1-0","radio-transmitter","Chironectes minimus","GODO","M1-GODO","Spatial ecology of the water opossum (data from Leite et al. 2016)"
1151570928,true,2005-07-05 00:33:00.000,-42.54257350747203,-22.529672779368557,"moving","radio","NA","3.27-4-0","radio-transmitter","Chironectes minimus","GODO","M1-GODO","Spatial ecology of the water opossum (data from Leite et al. 2016)"
1151570929,true,2005-07-05 02:40:00.000,-42.54359319792532,-22.52531876373149,"no_activity","radio","den","5.09-4-0","radio-transmitter","Chironectes minimus","GODO","M1-GODO","Spatial ecology of the water opossum (data from Leite et al. 2016)"
1151570930,true,2005-07-05 08:22:00.000,-42.54362370734593,-22.526890115329138,"moving","radio","NA","3.33-5-0","radio-transmitter","Chironectes minimus","GODO","M1-GODO","Spatial ecology of the water opossum (data from Leite et al. 2016)"
1151570931,true,2005-07-05 09:33:00.000,-42.54359319792532,-22.52531876373149,"no_activity","radio","den","5.09-4-0","radio-transmitter","Chironectes minimus","GODO","M1-GODO","Spatial ecology of the water opossum (data from Leite et al. 2016)"
1151570932,true,2005-07-25 22:55:00.000,-42.54468060043591,-22.522626936422913,"no_activity","radio","den","0.16-2-0","radio-transmitter","Chironectes minimus","GODO","M1-GODO","Spatial ecology of the water opossum (data from Leite et al. 2016)"
1151570933,true,2005-07-27 19:00:00.000,-42.54515631779484,-22.522652251158863,"no_activity","radio","den","5.32-2-0","radio-transmitter","Chironectes minimus","GODO","M1-GODO","Spatial ecology of the water opossum (data from Leite et al. 2016)"
1151570934,true,2005-07-28 00:33:00.000,-42.5435310251543,-22.526635913999876,"moving","radio","NA","6.36-4-0","radio-transmitter","Chironectes minimus","GODO","M1-GODO","Spatial ecology of the water opossum (data from Leite et al. 2016)"
1151570935,true,2005-07-28 02:25:00.000,-42.54164781789995,-22.52981211257582,"moving","radio","NA","3.28-1-0","radio-transmitter","Chironectes minimus","GODO","M1-GODO","Spatial ecology of the water opossum (data from Leite et al. 2016)"
1151570936,true,2005-07-28 03:41:00.000,-42.542186005865965,-22.529603662765744,"moving","radio","NA","4.07-1-0","radio-transmitter","Chironectes minimus","GODO","M1-GODO","Spatial ecology of the water opossum (data from Leite et al. 2016)"
1151570937,true,2005-07-28 04:52:00.000,-42.54228348040208,-22.52958709589426,"moving","radio","NA","4.07-1-0","radio-transmitter","Chironectes minimus","GODO","M1-GODO","Spatial ecology of the water opossum (data from Leite et al. 2016)"
1151570938,true,2005-07-28 06:43:00.000,-42.54515631779484,-22.522652251158863,"no_activity","radio","den","5.32-2-0","radio-transmitter","Chironectes minimus","GODO","M1-GODO","Spatial ecology of the water opossum (data from Leite et al. 2016)"
1151570939,true,2005-07-29 21:30:00.000,-42.54515631779484,-22.522652251158863,"no_activity","radio","den","5.32-2-0","radio-transmitter","Chironectes minimus","GODO","M1-GODO","Spatial ecology of the water opossum (data from Leite et al. 2016)"
1151570940,true,2005-07-30 01:30:00.000,-42.54249722134548,-22.529590361333128,"moving","radio","NA","3.27-4-0","radio-transmitter","Chironectes minimus","GODO","M1-GODO","Spatial ecology of the water opossum (data from Leite et al. 2016)"
1151570941,true,2005-07-30 02:30:00.000,-42.54252604831005,-22.529608857858456,"moving","radio","NA","3.27-4-0","radio-transmitter","Chironectes minimus","GODO","M1-GODO","Spatial ecology of the water opossum (data from Leite et al. 2016)"
1151570942,true,2005-07-30 20:30:00.000,-42.54515631779484,-22.522652251158863,"no_activity","radio","den","5.32-2-0","radio-transmitter","Chironectes minimus","GODO","M1-GODO","Spatial ecology of the water opossum (data from Leite et al. 2016)"
1151570943,true,2005-08-02 21:47:00.000,-42.54515631779484,-22.522652251158863,"no_activity","radio","den","5.32-2-0","radio-transmitter","Chironectes minimus","GODO","M1-GODO","Spatial ecology of the water opossum (data from Leite et al. 2016)"
1151570944,true,2005-08-02 23:41:00.000,-42.54199821543212,-22.529781354800317,"moving","radio","NA","4.07-1-0","radio-transmitter","Chironectes minimus","GODO","M1-GODO","Spatial ecology of the water opossum (data from Leite et al. 2016)"
1151570945,true,2005-08-03 00:56:00.000,-42.540689857657114,-22.529030084613243,"moving","radio","NA","5.19-3-0","radio-transmitter","Chironectes minimus","GODO","M1-GODO","Spatial ecology of the water opossum (data from Leite et al. 2016)"
1151570946,true,2005-08-03 02:26:00.000,-42.540918072525855,-22.529313443330537,"moving","radio","watercourse","5.10-0-0","radio-transmitter","Chironectes minimus","GODO","M1-GODO","Spatial ecology of the water opossum (data from Leite et al. 2016)"
1151570947,true,2005-08-03 03:28:00.000,-42.542144107853375,-22.52977455591578,"moving","radio","watercourse","4.07-1-0","radio-transmitter","Chironectes minimus","GODO","M1-GODO","Spatial ecology of the water opossum (data from Leite et al. 2016)"
1151570948,true,2005-08-03 04:49:00.000,-42.543619875176475,-22.527106730699664,"moving","radio","NA","5.74-4-0","radio-transmitter","Chironectes minimus","GODO","M1-GODO","Spatial ecology of the water opossum (data from Leite et al. 2016)"
1151570949,true,2005-08-03 06:21:00.000,-42.54434007549944,-22.52319953726513,"moving","radio","NA","3.15-3-0","radio-transmitter","Chironectes minimus","GODO","M1-GODO","Spatial ecology of the water opossum (data from Leite et al. 2016)"
1151570950,true,2005-08-03 07:15:00.000,-42.54515631779484,-22.522652251158863,"no_activity","radio","den","5.32-2-0","radio-transmitter","Chironectes minimus","GODO","M1-GODO","Spatial ecology of the water opossum (data from Leite et al. 2016)"
1151570951,true,2005-08-15 23:56:00.000,-42.5423209043788,-22.529668920289456,"NA","radio","NA","4.07-1-0","radio-transmitter","Chironectes minimus","GODO","M1-GODO","Spatial ecology of the water opossum (data from Leite et al. 2016)"
1151570952,true,2005-08-16 00:56:00.000,-42.54230227227549,-22.529623495278283,"NA","radio","den","4.07-1-0","radio-transmitter","Chironectes minimus","GODO","M1-GODO","Spatial ecology of the water opossum (data from Leite et al. 2016)"
1151570953,true,2005-08-16 02:39:00.000,-42.541657213760466,-22.529830312298643,"moving","radio","riverbank","3.28-1-0","radio-transmitter","Chironectes minimus","GODO","M1-GODO","Spatial ecology of the water opossum (data from Leite et al. 2016)"
1151570954,true,2005-08-16 04:32:00.000,-42.53822044201921,-22.53018401623471,"moving","radio","riverbank","4.42-1-0","radio-transmitter","Chironectes minimus","GODO","M1-GODO","Spatial ecology of the water opossum (data from Leite et al. 2016)"
1151570955,true,2005-08-16 06:50:00.000,-42.538127448367476,-22.529947863770403,"moving","radio","NA","4.42-1-0","radio-transmitter","Chironectes minimus","GODO","M1-GODO","Spatial ecology of the water opossum (data from Leite et al. 2016)"
1151570956,true,2005-08-16 08:31:00.000,-42.54230227227549,-22.529623495278283,"no_activity","radio","den","4.07-1-0","radio-transmitter","Chironectes minimus","GODO","M1-GODO","Spatial ecology of the water opossum (data from Leite et al. 2016)"
1151570957,true,2005-08-20 20:00:00.000,-42.54230227227549,-22.529623495278283,"no_activity","radio","den","4.07-1-0","radio-transmitter","Chironectes minimus","GODO","M1-GODO","Spatial ecology of the water opossum (data from Leite et al. 2016)"
1151570958,true,2005-08-24 20:30:00.000,-42.54515631779484,-22.522652251158863,"no_activity","radio","den","5.32-2-0","radio-transmitter","Chironectes minimus","GODO","M1-GODO","Spatial ecology of the water opossum (data from Leite et al. 2016)"
1151570959,true,2005-08-25 13:30:00.000,-42.54230227227549,-22.529623495278283,"no_activity","radio","den","4.07-1-0","radio-transmitter","Chironectes minimus","GODO","M1-GODO","Spatial ecology of the water opossum (data from Leite et al. 2016)"
1151570960,true,2005-08-30 21:10:00.000,-42.54515631779484,-22.522652251158863,"no_activity","radio","den","5.32-2-0","radio-transmitter","Chironectes minimus","GODO","M1-GODO","Spatial ecology of the water opossum (data from Leite et al. 2016)"
1151570961,true,2005-08-31 01:37:00.000,-42.54430424762012,-22.523027456835223,"moving","radio","riverbank","3.15-3-0","radio-transmitter","Chironectes minimus","GODO","M1-GODO","Spatial ecology of the water opossum (data from Leite et al. 2016)"
1151570962,true,2005-08-31 02:49:00.000,-42.54368975858716,-22.52425492444094,"NA","radio","NA","3.18-6-0","radio-transmitter","Chironectes minimus","GODO","M1-GODO","Spatial ecology of the water opossum (data from Leite et al. 2016)"
1151570963,true,2005-08-31 04:15:00.000,-42.54359319792532,-22.52531876373149,"no_activity","radio","den","5.09-4-0","radio-transmitter","Chironectes minimus","GODO","M1-GODO","Spatial ecology of the water opossum (data from Leite et al. 2016)"
1151570964,true,2005-08-31 05:12:00.000,-42.54359319792532,-22.52531876373149,"no_activity","radio","den","5.09-4-0","radio-transmitter","Chironectes minimus","GODO","M1-GODO","Spatial ecology of the water opossum (data from Leite et al. 2016)"
1151570965,true,2005-08-31 06:24:00.000,-42.54319684573607,-22.527398197595673,"moving","radio","riverbank","6.10-4-0","radio-transmitter","Chironectes minimus","GODO","M1-GODO","Spatial ecology of the water opossum (data from Leite et al. 2016)"
1151570966,true,2005-08-31 07:18:00.000,-42.54359319792532,-22.52531876373149,"no_activity","radio","den","5.09-4-0","radio-transmitter","Chironectes minimus","GODO","M1-GODO","Spatial ecology of the water opossum (data from Leite et al. 2016)"
1151570967,true,2005-08-31 08:18:00.000,-42.54359319792532,-22.52531876373149,"no_activity","radio","den","5.09-4-0","radio-transmitter","Chironectes minimus","GODO","M1-GODO","Spatial ecology of the water opossum (data from Leite et al. 2016)"
1151570968,true,2005-08-31 09:00:00.000,-42.54359319792532,-22.52531876373149,"no_activity","radio","den","5.09-4-0","radio-transmitter","Chironectes minimus","GODO","M1-GODO","Spatial ecology of the water opossum (data from Leite et al. 2016)"
1151570969,true,2005-09-15 19:40:00.000,-42.54515631779484,-22.522652251158863,"no_activity","radio","den","5.32-2-0","radio-transmitter","Chironectes minimus","GODO","M1-GODO","Spatial ecology of the water opossum (data from Leite et al. 2016)"
1151570971,true,2005-09-19 14:00:00.000,-42.54620427867634,-22.522189747093545,"no_activity","radio","shelter","0.05-1-0","radio-transmitter","Chironectes minimus","GODO","M1-GODO","Spatial ecology of the water opossum (data from Leite et al. 2016)"
1151570970,true,2005-09-19 15:00:00.000,-42.54462167197517,-22.522662149535833,"NA","capture","trap","0.05-5-0","radio-transmitter","Chironectes minimus","GODO","M1-GODO","Spatial ecology of the water opossum (data from Leite et al. 2016)"
1151570972,true,2005-09-19 22:30:00.000,-42.545717411881945,-22.522245518340444,"moving","radio","swamp","0.02-4-0","radio-transmitter","Chironectes minimus","GODO","M1-GODO","Spatial ecology of the water opossum (data from Leite et al. 2016)"
1151570973,true,2005-09-20 00:08:00.000,-42.545717252381685,-22.522254544000422,"moving","radio","swamp","0.02-4-0","radio-transmitter","Chironectes minimus","GODO","M1-GODO","Spatial ecology of the water opossum (data from Leite et al. 2016)"
1151570974,true,2005-09-20 01:20:00.000,-42.545717252381685,-22.522254544000422,"moving","radio","swamp","0.02-4-0","radio-transmitter","Chironectes minimus","GODO","M1-GODO","Spatial ecology of the water opossum (data from Leite et al. 2016)"
1151570975,true,2005-09-20 02:20:00.000,-42.545717252381685,-22.522254544000422,"moving","radio","swamp","0.02-4-0","radio-transmitter","Chironectes minimus","GODO","M1-GODO","Spatial ecology of the water opossum (data from Leite et al. 2016)"
1151570976,true,2005-09-20 10:00:00.000,-42.54515631779484,-22.522652251158863,"no_activity","radio","den","5.32-2-0","radio-transmitter","Chironectes minimus","GODO","M1-GODO","Spatial ecology of the water opossum (data from Leite et al. 2016)"
1151570977,true,2005-10-28 15:00:00.000,-42.54462167197517,-22.522662149535833,"NA","capture","trap","0.05-5-0","radio-transmitter","Chironectes minimus","GODO","M1-GODO","Spatial ecology of the water opossum (data from Leite et al. 2016)"
1151570978,true,2005-10-29 10:00:00.000,-42.54230227227549,-22.529623495278283,"no_activity","radio","den","4.07-1-0","radio-transmitter","Chironectes minimus","GODO","M1-GODO","Spatial ecology of the water opossum (data from Leite et al. 2016)"
1151570979,true,2005-10-30 17:45:00.000,-42.54322679029875,-22.527353514506565,"no_activity","radio","den","6.10-4-0","radio-transmitter","Chironectes minimus","GODO","M1-GODO","Spatial ecology of the water opossum (data from Leite et al. 2016)"
1151570980,true,2005-11-03 18:30:00.000,-42.54515631779484,-22.522652251158863,"NA","radio","den","5.32-2-0","radio-transmitter","Chironectes minimus","GODO","M1-GODO","Spatial ecology of the water opossum (data from Leite et al. 2016)"
1151570981,true,2005-11-03 23:01:00.000,-42.5429231344876,-22.52913643567986,"moving","radio","watercourse","3.74-13-0","radio-transmitter","Chironectes minimus","GODO","M1-GODO","Spatial ecology of the water opossum (data from Leite et al. 2016)"
1151570982,true,2005-11-03 23:50:00.000,-42.542431609424035,-22.52945393791777,"NA","radio","NA","3.27-4-0","radio-transmitter","Chironectes minimus","GODO","M1-GODO","Spatial ecology of the water opossum (data from Leite et al. 2016)"
1151570983,true,2005-11-04 00:45:00.000,-42.54230227227549,-22.529623495278283,"NA","radio","den","4.07-1-0","radio-transmitter","Chironectes minimus","GODO","M1-GODO","Spatial ecology of the water opossum (data from Leite et al. 2016)"
1151570984,true,2006-04-28 15:00:00.000,-42.55093019688754,-22.518704668379822,"NA","capture","trap","1.65-3-0","radio-transmitter","Chironectes minimus","PANQ","M3-PANQ","Spatial ecology of the water opossum (data from Leite et al. 2016)"
1151570985,true,2006-04-28 20:35:00.000,-42.54908629771709,-22.52022040325263,"no_activity","radio","shelter","7.15-2-0","radio-transmitter","Chironectes minimus","PANQ","M3-PANQ","Spatial ecology of the water opossum (data from Leite et al. 2016)"
1151570986,true,2006-04-28 23:36:00.000,-42.54921689122908,-22.519978633245653,"moving","radio","NA","3.50-4-0","radio-transmitter","Chironectes minimus","PANQ","M3-PANQ","Spatial ecology of the water opossum (data from Leite et al. 2016)"
1151570987,true,2006-04-29 00:44:00.000,-42.549335859670634,-22.52094645305368,"moving","radio","NA","3.66-4-0","radio-transmitter","Chironectes minimus","PANQ","M3-PANQ","Spatial ecology of the water opossum (data from Leite et al. 2016)"
1151570988,true,2006-04-29 01:08:00.000,-42.54930575929656,-22.521000163297035,"moving","radio","den","3.66-4-0","radio-transmitter","Chironectes minimus","PANQ","M3-PANQ","Spatial ecology of the water opossum (data from Leite et al. 2016)"
1151570989,true,2006-04-29 21:30:00.000,-42.54930575929656,-22.521000163297035,"no_activity","radio","den","3.66-4-0","radio-transmitter","Chironectes minimus","PANQ","M3-PANQ","Spatial ecology of the water opossum (data from Leite et al. 2016)"
1151570990,true,2006-04-29 22:50:00.000,-42.54413354740795,-22.52223940810679,"moving","radio","watercourse","0.12-2-0","radio-transmitter","Chironectes minimus","PANQ","M3-PANQ","Spatial ecology of the water opossum (data from Leite et al. 2016)"
1151570991,true,2006-04-29 23:50:00.000,-42.54277427322691,-22.521622802816097,"moving","radio","NA","0.07-2-0","radio-transmitter","Chironectes minimus","PANQ","M3-PANQ","Spatial ecology of the water opossum (data from Leite et al. 2016)"
1151570992,true,2006-04-30 01:10:00.000,-42.542497650417396,-22.521329679791098,"moving","radio","NA","0.23-2-0","radio-transmitter","Chironectes minimus","PANQ","M3-PANQ","Spatial ecology of the water opossum (data from Leite et al. 2016)"
1151570993,true,2006-04-30 02:30:00.000,-42.542497650417396,-22.521329679791098,"no_activity","radio","NA","0.23-2-0","radio-transmitter","Chironectes minimus","PANQ","M3-PANQ","Spatial ecology of the water opossum (data from Leite et al. 2016)"
1151570994,true,2006-04-30 04:00:00.000,-42.54355112670009,-22.52220343343187,"moving","radio","trap","0.15-1-0","radio-transmitter","Chironectes minimus","PANQ","M3-PANQ","Spatial ecology of the water opossum (data from Leite et al. 2016)"
1151570997,true,2006-05-03 20:15:00.000,-42.54930575929656,-22.521000163297035,"no_activity","radio","den","3.66-4-0","radio-transmitter","Chironectes minimus","PANQ","M3-PANQ","Spatial ecology of the water opossum (data from Leite et al. 2016)"
1151570998,true,2006-05-21 15:00:00.000,-42.55080356384412,-22.51706865120579,"NA","capture","trap","3.18-12-1","radio-transmitter","Chironectes minimus","PANQ","M3-PANQ","Spatial ecology of the water opossum (data from Leite et al. 2016)"
1151570995,true,2006-05-30 21:00:00.000,-42.54930575929656,-22.521000163297035,"moving","radio","den","3.66-4-0","radio-transmitter","Chironectes minimus","PANQ","M3-PANQ","Spatial ecology of the water opossum (data from Leite et al. 2016)"
1151570996,true,2006-05-31 01:20:00.000,-42.54930575929656,-22.521000163297035,"moving","radio","riverbank","3.66-4-0","radio-transmitter","Chironectes minimus","PANQ","M3-PANQ","Spatial ecology of the water opossum (data from Leite et al. 2016)"
1151570999,true,2006-06-07 15:00:00.000,-42.55094277607173,-22.51854235363557,"NA","capture","trap","1.65-3-0","radio-transmitter","Chironectes minimus","PANQ","M3-PANQ","Spatial ecology of the water opossum (data from Leite et al. 2016)"
1151571000,true,2006-06-07 18:00:00.000,-42.5511638207563,-22.518130423810707,"no_activity","radio","shelter","1.15-2-1","radio-transmitter","Chironectes minimus","PANQ","M3-PANQ","Spatial ecology of the water opossum (data from Leite et al. 2016)"
1151571001,true,2006-06-14 04:00:00.000,-42.54930575929656,-22.521000163297035,"no_activity","radio","den","3.66-4-0","radio-transmitter","Chironectes minimus","PANQ","M3-PANQ","Spatial ecology of the water opossum (data from Leite et al. 2016)"
1151571002,true,2006-07-15 15:00:00.000,-42.55093019688754,-22.518704668379822,"NA","capture","trap","1.65-3-0","radio-transmitter","Chironectes minimus","PANQ","M3-PANQ","Spatial ecology of the water opossum (data from Leite et al. 2016)"
1151571003,true,2006-07-16 20:50:00.000,-42.55245212467287,-22.514502657883945,"no_activity","radio","den","1.60-3-1","radio-transmitter","Chironectes minimus","PANQ","M3-PANQ","Spatial ecology of the water opossum (data from Leite et al. 2016)"
1151571004,true,2006-07-16 21:50:00.000,-42.552096822261895,-22.5142625230295,"moving","radio","NA","0.84-4-1","radio-transmitter","Chironectes minimus","PANQ","M3-PANQ","Spatial ecology of the water opossum (data from Leite et al. 2016)"
1151571005,true,2006-07-16 23:25:00.000,-42.55126982836459,-22.514872883856064,"moving","radio","NA","0.99-4-1","radio-transmitter","Chironectes minimus","PANQ","M3-PANQ","Spatial ecology of the water opossum (data from Leite et al. 2016)"
1151571006,true,2006-07-17 20:40:00.000,-42.55245212467287,-22.514502657883945,"no_activity","radio","den","1.60-3-1","radio-transmitter","Chironectes minimus","PANQ","M3-PANQ","Spatial ecology of the water opossum (data from Leite et al. 2016)"
1151571007,true,2006-07-17 21:40:00.000,-42.550402695931005,-22.51555485390835,"moving","radio","NA","0.88-6-1","radio-transmitter","Chironectes minimus","PANQ","M3-PANQ","Spatial ecology of the water opossum (data from Leite et al. 2016)"
1151571008,true,2006-07-17 22:45:00.000,-42.544599209959266,-22.522833340417154,"moving","radio","watercourse","0.17-4-0","radio-transmitter","Chironectes minimus","PANQ","M3-PANQ","Spatial ecology of the water opossum (data from Leite et al. 2016)"
1151571009,true,2006-07-19 08:00:00.000,-42.54930575929656,-22.521000163297035,"no_activity","radio","den","3.66-4-0","radio-transmitter","Chironectes minimus","PANQ","M3-PANQ","Spatial ecology of the water opossum (data from Leite et al. 2016)"
1151571010,true,2006-08-25 15:00:00.000,-42.55074847324627,-22.51798868116776,"NA","capture","trap","1.72-5-0","radio-transmitter","Chironectes minimus","PANQ","M3-PANQ","Spatial ecology of the water opossum (data from Leite et al. 2016)"
1151571011,true,2006-08-27 15:00:00.000,-42.55074847324627,-22.51798868116776,"NA","capture","trap","1.72-5-0","radio-transmitter","Chironectes minimus","PANQ","M3-PANQ","Spatial ecology of the water opossum (data from Leite et al. 2016)"
1151571012,true,2006-09-29 15:00:00.000,-42.55080356384412,-22.51706865120579,"NA","capture","trap","3.18-12-1","radio-transmitter","Chironectes minimus","PANQ","M3-PANQ","Spatial ecology of the water opossum (data from Leite et al. 2016)"
1151571013,true,2006-10-01 15:00:00.000,-42.55080356384412,-22.51706865120579,"NA","capture","trap","3.18-12-1","radio-transmitter","Chironectes minimus","PANQ","M3-PANQ","Spatial ecology of the water opossum (data from Leite et al. 2016)"
1151571014,true,2006-10-28 15:00:00.000,-42.55094277607173,-22.51854235363557,"NA","capture","trap","1.65-3-0","radio-transmitter","Chironectes minimus","PANQ","M3-PANQ","Spatial ecology of the water opossum (data from Leite et al. 2016)"
1151571015,true,2006-10-29 15:00:00.000,-42.55080356384412,-22.51706865120579,"NA","capture","trap","3.18-12-1","radio-transmitter","Chironectes minimus","PANQ","M3-PANQ","Spatial ecology of the water opossum (data from Leite et al. 2016)"
1151571016,true,2007-01-13 15:00:00.000,-42.55074847324627,-22.51798868116776,"NA","capture","trap","1.72-5-0","radio-transmitter","Chironectes minimus","PANQ","M3-PANQ","Spatial ecology of the water opossum (data from Leite et al. 2016)"
1151571017,true,2007-01-13 20:40:00.000,-42.55074847324627,-22.51798868116776,"no_activity","radio","shelter","1.72-5-0","radio-transmitter","Chironectes minimus","PANQ","M3-PANQ","Spatial ecology of the water opossum (data from Leite et al. 2016)"
1151571018,true,2007-01-15 15:00:00.000,-42.55080356384412,-22.51706865120579,"NA","capture","trap","3.18-12-1","radio-transmitter","Chironectes minimus","PANQ","M3-PANQ","Spatial ecology of the water opossum (data from Leite et al. 2016)"
1151571019,true,2007-01-15 21:00:00.000,-42.550982573690185,-22.517387359672803,"no_activity","radio","shelter","3.97-3-1","radio-transmitter","Chironectes minimus","PANQ","M3-PANQ","Spatial ecology of the water opossum (data from Leite et al. 2016)"
1151571020,true,2007-02-10 15:00:00.000,-42.5445294686561,-22.522380871794404,"NA","capture","trap","0.05-5-0","radio-transmitter","Chironectes minimus","PANQ","M3-PANQ","Spatial ecology of the water opossum (data from Leite et al. 2016)"
1151571021,true,2007-02-11 15:00:00.000,-42.54355112670009,-22.52220343343187,"NA","capture","trap","0.15-1-0","radio-transmitter","Chironectes minimus","PANQ","M3-PANQ","Spatial ecology of the water opossum (data from Leite et al. 2016)"
1151571022,true,2007-02-14 15:00:00.000,-42.5445294686561,-22.522380871794404,"NA","capture","trap","0.05-5-0","radio-transmitter","Chironectes minimus","PANQ","M3-PANQ","Spatial ecology of the water opossum (data from Leite et al. 2016)"
1151571023,true,2007-03-15 15:00:00.000,-42.55080356384412,-22.51706865120579,"NA","capture","trap","3.18-12-1","radio-transmitter","Chironectes minimus","PANQ","M3-PANQ","Spatial ecology of the water opossum (data from Leite et al. 2016)"
1151571024,true,2007-03-16 15:00:00.000,-42.55080356384412,-22.51706865120579,"NA","capture","trap","3.18-12-1","radio-transmitter","Chironectes minimus","PANQ","M3-PANQ","Spatial ecology of the water opossum (data from Leite et al. 2016)"
1151571025,true,2007-03-19 15:00:00.000,-42.55080356384412,-22.51706865120579,"NA","capture","trap","3.18-12-1","radio-transmitter","Chironectes minimus","PANQ","M3-PANQ","Spatial ecology of the water opossum (data from Leite et al. 2016)"
1151571026,true,2007-04-14 15:00:00.000,-42.55080356384412,-22.51706865120579,"NA","capture","trap","3.18-12-1","radio-transmitter","Chironectes minimus","PANQ","M3-PANQ","Spatial ecology of the water opossum (data from Leite et al. 2016)"
1151571027,true,2007-04-16 23:20:00.000,-42.55080356384412,-22.51706865120579,"moving","radio","trap","3.18-12-1","radio-transmitter","Chironectes minimus","PANQ","M3-PANQ","Spatial ecology of the water opossum (data from Leite et al. 2016)"
1151571028,true,2007-04-17 15:00:00.000,-42.54400088929925,-22.522047793538977,"NA","capture","trap","0.68-2-0","radio-transmitter","Chironectes minimus","PANQ","M3-PANQ","Spatial ecology of the water opossum (data from Leite et al. 2016)"
1151571029,true,2007-04-18 15:00:00.000,-42.544633461460215,-22.522544964307954,"NA","capture","trap","0.05-5-0","radio-transmitter","Chironectes minimus","PANQ","M3-PANQ","Spatial ecology of the water opossum (data from Leite et al. 2016)"
1151571030,true,2007-05-08 15:00:00.000,-42.55074847324627,-22.51798868116776,"NA","capture","trap","1.72-5-0","radio-transmitter","Chironectes minimus","PANQ","M3-PANQ","Spatial ecology of the water opossum (data from Leite et al. 2016)"
1151571031,true,2007-05-09 15:00:00.000,-42.55074847324627,-22.51798868116776,"NA","capture","trap","1.72-5-0","radio-transmitter","Chironectes minimus","PANQ","M3-PANQ","Spatial ecology of the water opossum (data from Leite et al. 2016)"
1151571032,true,2007-07-04 15:00:00.000,-42.55080356384412,-22.51706865120579,"NA","capture","trap","3.18-12-1","radio-transmitter","Chironectes minimus","PANQ","M3-PANQ","Spatial ecology of the water opossum (data from Leite et al. 2016)"
1151571033,true,2007-07-04 16:00:00.000,-42.55080356384412,-22.51706865120579,"no_activity","radio","shelter","3.18-12-1","radio-transmitter","Chironectes minimus","PANQ","M3-PANQ","Spatial ecology of the water opossum (data from Leite et al. 2016)"
1151571034,true,2007-07-13 21:45:00.000,-42.550767863526204,-22.515235398998545,"moving","radio","watercourse","2.44-6-1","radio-transmitter","Chironectes minimus","PANQ","M3-PANQ","Spatial ecology of the water opossum (data from Leite et al. 2016)"
1151571035,true,2007-07-14 01:20:00.000,-42.55078782393977,-22.519063626403348,"moving","radio","watercourse","4.86-11-0","radio-transmitter","Chironectes minimus","PANQ","M3-PANQ","Spatial ecology of the water opossum (data from Leite et al. 2016)"
1151571036,true,2007-07-27 15:00:00.000,-42.55094277607173,-22.51854235363557,"NA","capture","trap","1.65-3-0","radio-transmitter","Chironectes minimus","PANQ","M3-PANQ","Spatial ecology of the water opossum (data from Leite et al. 2016)"
1151571037,true,2007-07-31 15:00:00.000,-42.55080356384412,-22.51706865120579,"NA","capture","trap","3.18-12-1","radio-transmitter","Chironectes minimus","PANQ","M3-PANQ","Spatial ecology of the water opossum (data from Leite et al. 2016)"
1151571038,true,2005-08-25 15:00:00.000,-42.545810756470054,-22.527411010098852,"NA","capture","trap","1.66-2-1","radio-transmitter","Chironectes minimus","ROBI","M5-ROBI","Spatial ecology of the water opossum (data from Leite et al. 2016)"
1151571039,true,2005-08-25 15:39:00.000,-42.54554335312395,-22.527145116074575,"no_activity","radio","shelter","1.66-2-1","radio-transmitter","Chironectes minimus","ROBI","M5-ROBI","Spatial ecology of the water opossum (data from Leite et al. 2016)"
1151571040,true,2005-09-22 15:00:00.000,-42.544633461460215,-22.522544964307954,"NA","capture","trap","0.05-5-0","radio-transmitter","Chironectes minimus","ROBI","M5-ROBI","Spatial ecology of the water opossum (data from Leite et al. 2016)"
1151571041,true,2005-12-20 15:00:00.000,-42.551017470951656,-22.518715024670357,"NA","capture","trap","1.65-3-0","radio-transmitter","Chironectes minimus","ROBI","M5-ROBI","Spatial ecology of the water opossum (data from Leite et al. 2016)"
1151571042,true,2005-12-21 19:30:00.000,-42.55091169834386,-22.516998071841048,"no_activity","radio","den","3.18-12-1","radio-transmitter","Chironectes minimus","ROBI","M5-ROBI","Spatial ecology of the water opossum (data from Leite et al. 2016)"
1151571043,true,2005-12-29 01:51:00.000,-42.547134257482604,-22.528406229009143,"moving","radio","watercourse","4.67-4-1","radio-transmitter","Chironectes minimus","ROBI","M5-ROBI","Spatial ecology of the water opossum (data from Leite et al. 2016)"
1151571044,true,2005-12-29 20:30:00.000,-42.55091169834386,-22.516998071841048,"no_activity","radio","den","3.18-12-1","radio-transmitter","Chironectes minimus","ROBI","M5-ROBI","Spatial ecology of the water opossum (data from Leite et al. 2016)"
1151571045,true,2005-12-29 23:44:00.000,-42.5508432483062,-22.519226976101667,"moving","radio","watercourse","4.86-11-0","radio-transmitter","Chironectes minimus","ROBI","M5-ROBI","Spatial ecology of the water opossum (data from Leite et al. 2016)"
1151571046,true,2005-12-30 01:10:00.000,-42.5462909060819,-22.514535240059633,"moving","radio","NA","2.00-2-0","radio-transmitter","Chironectes minimus","ROBI","M5-ROBI","Spatial ecology of the water opossum (data from Leite et al. 2016)"
1151571047,true,2005-12-30 01:45:00.000,-42.54628963086026,-22.5146074454393,"moving","radio","NA","2.42-9-0","radio-transmitter","Chironectes minimus","ROBI","M5-ROBI","Spatial ecology of the water opossum (data from Leite et al. 2016)"
1151571048,true,2005-12-30 02:15:00.000,-42.54543555435029,-22.51454928199298,"moving","radio","forest","5.40-1-0","radio-transmitter","Chironectes minimus","ROBI","M5-ROBI","Spatial ecology of the water opossum (data from Leite et al. 2016)"
1151571049,true,2005-12-30 04:00:00.000,-42.547158976140736,-22.51655271120808,"moving","radio","NA","3.17-5-0","radio-transmitter","Chironectes minimus","ROBI","M5-ROBI","Spatial ecology of the water opossum (data from Leite et al. 2016)"
1151571050,true,2005-12-30 04:52:00.000,-42.546844928316276,-22.516177772261205,"moving","radio","watercourse","6.60-5-0","radio-transmitter","Chironectes minimus","ROBI","M5-ROBI","Spatial ecology of the water opossum (data from Leite et al. 2016)"
1151571051,true,2005-12-30 06:45:00.000,-42.550450829367115,-22.518886962836145,"moving","radio","NA","2.09-3-0","radio-transmitter","Chironectes minimus","ROBI","M5-ROBI","Spatial ecology of the water opossum (data from Leite et al. 2016)"
1151571052,true,2005-12-30 07:42:00.000,-42.55091169834386,-22.516998071841048,"no_activity","radio","den","3.18-12-1","radio-transmitter","Chironectes minimus","ROBI","M5-ROBI","Spatial ecology of the water opossum (data from Leite et al. 2016)"
1151571053,true,2006-02-06 15:00:00.000,-42.550636027127325,-22.517201523267047,"NA","capture","trap","3.18-12-1","radio-transmitter","Chironectes minimus","ROBI","M5-ROBI","Spatial ecology of the water opossum (data from Leite et al. 2016)"
1151571072,true,2006-05-18 15:00:00.000,-42.55074847324627,-22.51798868116776,"NA","capture","trap","1.72-5-0","radio-transmitter","Chironectes minimus","ROBI","M5-ROBI","Spatial ecology of the water opossum (data from Leite et al. 2016)"
1151571054,true,2007-08-24 15:00:00.000,-42.55185309583409,-22.52753918565844,"NA","capture","trap","0.31-3-1","radio-transmitter","Chironectes minimus","ROBI","M5-ROBI","Spatial ecology of the water opossum (data from Leite et al. 2016)"
1151571055,true,2007-08-26 15:00:00.000,-42.55332596838461,-22.525575404884787,"NA","capture","trap","4.06-3-1","radio-transmitter","Chironectes minimus","ROBI","M5-ROBI","Spatial ecology of the water opossum (data from Leite et al. 2016)"
1151571056,true,2007-09-22 15:00:00.000,-42.54400088929925,-22.522047793538977,"NA","capture","trap","0.68-2-0","radio-transmitter","Chironectes minimus","ROBI","M5-ROBI","Spatial ecology of the water opossum (data from Leite et al. 2016)"
1151571057,true,2007-09-22 21:50:00.000,-42.54309199240224,-22.52179015982426,"moving","radio","watercourse","0.12-2-0","radio-transmitter","Chironectes minimus","ROBI","M5-ROBI","Spatial ecology of the water opossum (data from Leite et al. 2016)"
1151571058,true,2007-09-23 00:20:00.000,-42.54240579858656,-22.520479637611885,"no_activity","radio","den","0.26-0-0","radio-transmitter","Chironectes minimus","ROBI","M5-ROBI","Spatial ecology of the water opossum (data from Leite et al. 2016)"
1151571059,true,2007-10-31 15:00:00.000,-42.55105329858987,-22.518336388778103,"NA","capture","trap","1.15-2-1","radio-transmitter","Chironectes minimus","ROBI","M5-ROBI","Spatial ecology of the water opossum (data from Leite et al. 2016)"
1151571060,true,2007-11-01 15:00:00.000,-42.55105329858987,-22.518336388778103,"NA","capture","trap","1.15-2-1","radio-transmitter","Chironectes minimus","ROBI","M5-ROBI","Spatial ecology of the water opossum (data from Leite et al. 2016)"
1151571061,true,2007-11-02 15:00:00.000,-42.551017470951656,-22.518715024670357,"NA","capture","trap","1.65-3-0","radio-transmitter","Chironectes minimus","ROBI","M5-ROBI","Spatial ecology of the water opossum (data from Leite et al. 2016)"
1151571062,true,2007-11-02 22:10:00.000,-42.551017470951656,-22.518715024670357,"moving","radio","shelter","1.65-3-0","radio-transmitter","Chironectes minimus","ROBI","M5-ROBI","Spatial ecology of the water opossum (data from Leite et al. 2016)"
1151571063,true,2007-11-02 23:10:00.000,-42.55105329858987,-22.518336388778103,"moving","radio","trap","1.15-2-1","radio-transmitter","Chironectes minimus","ROBI","M5-ROBI","Spatial ecology of the water opossum (data from Leite et al. 2016)"
1151571064,true,2007-11-03 00:10:00.000,-42.550636027127325,-22.517201523267047,"moving","radio","trap","3.18-12-1","radio-transmitter","Chironectes minimus","ROBI","M5-ROBI","Spatial ecology of the water opossum (data from Leite et al. 2016)"
1151571065,true,2007-11-03 01:10:00.000,-42.550636027127325,-22.517201523267047,"moving","radio","shelter","3.18-12-1","radio-transmitter","Chironectes minimus","ROBI","M5-ROBI","Spatial ecology of the water opossum (data from Leite et al. 2016)"
1151571066,true,2007-11-03 02:20:00.000,-42.550636027127325,-22.517201523267047,"moving","radio","watercourse","3.18-12-1","radio-transmitter","Chironectes minimus","ROBI","M5-ROBI","Spatial ecology of the water opossum (data from Leite et al. 2016)"
1151571067,true,2007-11-03 03:30:00.000,-42.55180379696747,-22.514348347424363,"moving","radio","den","2.16-4-1","radio-transmitter","Chironectes minimus","ROBI","M5-ROBI","Spatial ecology of the water opossum (data from Leite et al. 2016)"
1151571068,true,2007-11-03 04:30:00.000,-42.55180379696747,-22.514348347424363,"no_activity","radio","den","2.16-4-1","radio-transmitter","Chironectes minimus","ROBI","M5-ROBI","Spatial ecology of the water opossum (data from Leite et al. 2016)"
1151571069,true,2007-11-03 22:05:00.000,-42.550673120543166,-22.516199966305827,"moving","radio","watercourse","1.16-4-0","radio-transmitter","Chironectes minimus","ROBI","M5-ROBI","Spatial ecology of the water opossum (data from Leite et al. 2016)"
1151571070,true,2007-11-06 20:50:00.000,-42.55242266311647,-22.514520266124983,"no_activity","radio","den","1.60-3-1","radio-transmitter","Chironectes minimus","ROBI","M5-ROBI","Spatial ecology of the water opossum (data from Leite et al. 2016)"
1151571071,true,2007-11-07 12:30:00.000,-42.55242266311647,-22.514520266124983,"no_activity","radio","den","1.60-3-1","radio-transmitter","Chironectes minimus","ROBI","M5-ROBI","Spatial ecology of the water opossum (data from Leite et al. 2016)"
1151571073,true,2006-06-07 15:00:00.000,-42.55080356384412,-22.51706865120579,"NA","capture","trap","1.65-3-0","radio-transmitter","Chironectes minimus","PACO","F4-PACO","Spatial ecology of the water opossum (data from Leite et al. 2016)"
1151571074,true,2006-07-15 15:00:00.000,-42.55080356384412,-22.51706865120579,"NA","capture","trap","1.65-3-0","radio-transmitter","Chironectes minimus","PACO","F4-PACO","Spatial ecology of the water opossum (data from Leite et al. 2016)"
1151571075,true,2006-07-15 19:45:00.000,-42.55035874492079,-22.515843084831687,"no_activity","radio","shelter","1.96-8-1","radio-transmitter","Chironectes minimus","PACO","F4-PACO","Spatial ecology of the water opossum (data from Leite et al. 2016)"
1151571076,true,2006-07-15 21:40:00.000,-42.55159677038803,-22.51451673266591,"moving","radio","watercourse","1.09-2-0","radio-transmitter","Chironectes minimus","PACO","F4-PACO","Spatial ecology of the water opossum (data from Leite et al. 2016)"
1151571077,true,2006-07-15 22:10:00.000,-42.552269457042655,-22.514391542386054,"moving","radio","watercourse","0.84-4-1","radio-transmitter","Chironectes minimus","PACO","F4-PACO","Spatial ecology of the water opossum (data from Leite et al. 2016)"
1151571078,true,2006-07-15 22:40:00.000,-42.551724980053976,-22.514961061273365,"moving","radio","watercourse","0.08-2-0","radio-transmitter","Chironectes minimus","PACO","F4-PACO","Spatial ecology of the water opossum (data from Leite et al. 2016)"
1151571079,true,2006-07-15 23:28:00.000,-42.551947447044085,-22.51446789809592,"moving","radio","NA","2.16-4-1","radio-transmitter","Chironectes minimus","PACO","F4-PACO","Spatial ecology of the water opossum (data from Leite et al. 2016)"
1151571080,true,2006-07-16 00:30:00.000,-42.551947447044085,-22.51446789809592,"no_activity","radio","den","2.16-4-1","radio-transmitter","Chironectes minimus","PACO","F4-PACO","Spatial ecology of the water opossum (data from Leite et al. 2016)"
1151571081,true,2006-07-16 20:45:00.000,-42.551947447044085,-22.51446789809592,"no_activity","radio","den","2.16-4-1","radio-transmitter","Chironectes minimus","PACO","F4-PACO","Spatial ecology of the water opossum (data from Leite et al. 2016)"
1151571082,true,2006-07-16 22:14:00.000,-42.55425997939737,-22.514475970842028,"moving","radio","watercourse","0.19-3-0","radio-transmitter","Chironectes minimus","PACO","F4-PACO","Spatial ecology of the water opossum (data from Leite et al. 2016)"
1151571083,true,2006-07-17 04:05:00.000,-42.55145710869008,-22.51472225496166,"moving","radio","NA","1.09-2-0","radio-transmitter","Chironectes minimus","PACO","F4-PACO","Spatial ecology of the water opossum (data from Leite et al. 2016)"
1151571084,true,2006-07-17 04:40:00.000,-42.55109273946399,-22.51499658319382,"no_activity","radio","den","0.99-4-1","radio-transmitter","Chironectes minimus","PACO","F4-PACO","Spatial ecology of the water opossum (data from Leite et al. 2016)"
1151571085,true,2006-07-18 22:00:00.000,-42.55092456927326,-22.515165558647276,"moving","radio","NA","2.44-6-1","radio-transmitter","Chironectes minimus","PACO","F4-PACO","Spatial ecology of the water opossum (data from Leite et al. 2016)"
1151571086,true,2006-07-18 23:00:00.000,-42.550547921929095,-22.51448271762781,"moving","radio","NA","0.06-2-1","radio-transmitter","Chironectes minimus","PACO","F4-PACO","Spatial ecology of the water opossum (data from Leite et al. 2016)"
1151571087,true,2006-07-19 00:00:00.000,-42.55190621650662,-22.515153408799726,"moving","radio","NA","0.08-2-0","radio-transmitter","Chironectes minimus","PACO","F4-PACO","Spatial ecology of the water opossum (data from Leite et al. 2016)"
1151571088,true,2006-07-19 01:00:00.000,-42.55190621650662,-22.515153408799726,"moving","radio","NA","0.08-2-0","radio-transmitter","Chironectes minimus","PACO","F4-PACO","Spatial ecology of the water opossum (data from Leite et al. 2016)"
1151571089,true,2006-07-19 08:50:00.000,-42.551947447044085,-22.51446789809592,"no_activity","radio","den","2.16-4-1","radio-transmitter","Chironectes minimus","PACO","F4-PACO","Spatial ecology of the water opossum (data from Leite et al. 2016)"
1151571090,true,2006-07-25 21:25:00.000,-42.551947447044085,-22.51446789809592,"no_activity","radio","den","2.16-4-1","radio-transmitter","Chironectes minimus","PACO","F4-PACO","Spatial ecology of the water opossum (data from Leite et al. 2016)"
1151571091,true,2006-07-25 23:00:00.000,-42.55214587180716,-22.51423618462523,"moving","radio","NA","0.84-4-1","radio-transmitter","Chironectes minimus","PACO","F4-PACO","Spatial ecology of the water opossum (data from Leite et al. 2016)"
1151571092,true,2006-07-26 02:30:00.000,-42.55243586018248,-22.51377113181926,"moving","radio","forest","0.46-0-0","radio-transmitter","Chironectes minimus","PACO","F4-PACO","Spatial ecology of the water opossum (data from Leite et al. 2016)"
1151571093,true,2006-07-26 03:30:00.000,-42.55224412985801,-22.514174482053367,"no_activity","radio","forest","0.46-0-0","radio-transmitter","Chironectes minimus","PACO","F4-PACO","Spatial ecology of the water opossum (data from Leite et al. 2016)"
1151571094,true,2006-09-28 15:00:00.000,-42.55080356384412,-22.51706865120579,"NA","capture","trap","3.18-12-1","radio-transmitter","Chironectes minimus","PACO","F4-PACO","Spatial ecology of the water opossum (data from Leite et al. 2016)"
1151571095,true,2006-09-28 20:50:00.000,-42.55082983564074,-22.516680841764863,"no_activity","radio","shelter","0.99-7-1","radio-transmitter","Chironectes minimus","PACO","F4-PACO","Spatial ecology of the water opossum (data from Leite et al. 2016)"
1151571096,true,2006-09-28 22:50:00.000,-42.5515488340772,-22.514479890926687,"moving","radio","watercourse","0.29-5-1","radio-transmitter","Chironectes minimus","PACO","F4-PACO","Spatial ecology of the water opossum (data from Leite et al. 2016)"
1151571097,true,2006-09-28 23:40:00.000,-42.55214092789136,-22.513965265501664,"moving","radio","watercourse","0.46-0-0","radio-transmitter","Chironectes minimus","PACO","F4-PACO","Spatial ecology of the water opossum (data from Leite et al. 2016)"
1151571098,true,2006-09-29 00:50:00.000,-42.551947447044085,-22.51446789809592,"no_activity","radio","den","2.16-4-1","radio-transmitter","Chironectes minimus","PACO","F4-PACO","Spatial ecology of the water opossum (data from Leite et al. 2016)"
1151571099,true,2006-10-29 15:00:00.000,-42.55093019688754,-22.518704668379822,"NA","capture","trap","3.18-12-1","radio-transmitter","Chironectes minimus","PACO","F4-PACO","Spatial ecology of the water opossum (data from Leite et al. 2016)"
1151571101,true,2007-04-14 14:00:00.000,-42.55075833977427,-22.517429087817625,"no_activity","radio","shelter","3.97-3-1","radio-transmitter","Chironectes minimus","FLOR","F2-FLOR","Spatial ecology of the water opossum (data from Leite et al. 2016)"
1151571100,true,2007-04-14 15:00:00.000,-42.55074847324627,-22.51798868116776,"NA","capture","trap","3.18-12-1","radio-transmitter","Chironectes minimus","FLOR","F2-FLOR","Spatial ecology of the water opossum (data from Leite et al. 2016)"
1151571102,true,2007-08-24 15:00:00.000,-42.55080356384412,-22.51706865120579,"NA","capture","trap","0.31-3-1","radio-transmitter","Chironectes minimus","FLOR","F2-FLOR","Spatial ecology of the water opossum (data from Leite et al. 2016)"
1151571103,true,2007-09-24 15:00:00.000,-42.55080356384412,-22.51706865120579,"NA","capture","trap","3.18-12-1","radio-transmitter","Chironectes minimus","FLOR","F2-FLOR","Spatial ecology of the water opossum (data from Leite et al. 2016)"
1151571104,true,2007-11-01 15:00:00.000,-42.55080356384412,-22.51706865120579,"NA","capture","trap","1.15-2-1","radio-transmitter","Chironectes minimus","FLOR","F2-FLOR","Spatial ecology of the water opossum (data from Leite et al. 2016)"
1151571105,true,2007-12-21 01:45:00.000,-42.555670724188026,-22.512718856655532,"moving","radio","watercourse","0.41-6-1","radio-transmitter","Chironectes minimus","FLOR","F2-FLOR","Spatial ecology of the water opossum (data from Leite et al. 2016)"
1151571106,true,2008-01-17 15:00:00.000,-42.55093019688754,-22.518704668379822,"NA","capture","trap","1.65-3-0","radio-transmitter","Chironectes minimus","FLOR","F2-FLOR","Spatial ecology of the water opossum (data from Leite et al. 2016)"
1151571107,true,2008-01-17 21:30:00.000,-42.550770911188735,-22.516716057518906,"no_activity","radio","shelter","0.99-7-1","radio-transmitter","Chironectes minimus","FLOR","F2-FLOR","Spatial ecology of the water opossum (data from Leite et al. 2016)"
1151571108,true,2008-01-17 22:30:00.000,-42.550754982709414,-22.516517196421937,"moving","radio","den","0.99-7-1","radio-transmitter","Chironectes minimus","FLOR","F2-FLOR","Spatial ecology of the water opossum (data from Leite et al. 2016)"
1151571109,true,2008-01-17 23:30:00.000,-42.550754982709414,-22.516517196421937,"moving","radio","den","0.99-7-1","radio-transmitter","Chironectes minimus","FLOR","F2-FLOR","Spatial ecology of the water opossum (data from Leite et al. 2016)"
1151571110,true,2008-01-18 00:30:00.000,-42.550754982709414,-22.516517196421937,"moving","radio","den","0.99-7-1","radio-transmitter","Chironectes minimus","FLOR","F2-FLOR","Spatial ecology of the water opossum (data from Leite et al. 2016)"
1151571111,true,2008-01-18 01:30:00.000,-42.550754982709414,-22.516517196421937,"moving","radio","den","0.99-7-1","radio-transmitter","Chironectes minimus","FLOR","F2-FLOR","Spatial ecology of the water opossum (data from Leite et al. 2016)"
1151571112,true,2008-01-18 02:30:00.000,-42.550754982709414,-22.516517196421937,"moving","radio","den","0.99-7-1","radio-transmitter","Chironectes minimus","FLOR","F2-FLOR","Spatial ecology of the water opossum (data from Leite et al. 2016)"
1151571113,true,2008-01-18 03:30:00.000,-42.55069509585131,-22.516055850787694,"no_activity","radio","den","1.16-4-0","radio-transmitter","Chironectes minimus","FLOR","F2-FLOR","Spatial ecology of the water opossum (data from Leite et al. 2016)"
1151571114,true,2008-01-18 21:45:00.000,-42.55069509585131,-22.516055850787694,"no_activity","radio","den","1.16-4-0","radio-transmitter","Chironectes minimus","FLOR","F2-FLOR","Spatial ecology of the water opossum (data from Leite et al. 2016)"
1151571115,true,2008-01-19 01:10:00.000,-42.55172735334611,-22.514274959598445,"moving","radio","watercourse","0.07-1-0","radio-transmitter","Chironectes minimus","FLOR","F2-FLOR","Spatial ecology of the water opossum (data from Leite et al. 2016)"
1151571116,true,2008-01-19 02:20:00.000,-42.55337659349695,-22.514426432213348,"moving","radio","watercourse","0.47-3-1","radio-transmitter","Chironectes minimus","FLOR","F2-FLOR","Spatial ecology of the water opossum (data from Leite et al. 2016)"
1151571117,true,2008-01-19 03:20:00.000,-42.55337659349695,-22.514426432213348,"no_activity","radio","den","0.47-3-1","radio-transmitter","Chironectes minimus","FLOR","F2-FLOR","Spatial ecology of the water opossum (data from Leite et al. 2016)"
1151571118,true,2008-01-19 04:20:00.000,-42.55337659349695,-22.514426432213348,"moving","radio","den","0.47-3-1","radio-transmitter","Chironectes minimus","FLOR","F2-FLOR","Spatial ecology of the water opossum (data from Leite et al. 2016)"
1151571119,true,2008-01-19 05:20:00.000,-42.55337659349695,-22.514426432213348,"moving","radio","den","0.47-3-1","radio-transmitter","Chironectes minimus","FLOR","F2-FLOR","Spatial ecology of the water opossum (data from Leite et al. 2016)"
1151571120,true,2008-01-19 06:15:00.000,-42.55517952453848,-22.514679532386943,"moving","radio","watercourse","0.02-3-1","radio-transmitter","Chironectes minimus","FLOR","F2-FLOR","Spatial ecology of the water opossum (data from Leite et al. 2016)"
1151571121,true,2008-01-19 07:20:00.000,-42.55554102731906,-22.51456765732633,"no_activity","radio","den","0.16-2-1","radio-transmitter","Chironectes minimus","FLOR","F2-FLOR","Spatial ecology of the water opossum (data from Leite et al. 2016)"
1151571122,true,2008-01-19 22:15:00.000,-42.55311159924505,-22.51457588207705,"no_activity","radio","den","0.70-5-1","radio-transmitter","Chironectes minimus","FLOR","F2-FLOR","Spatial ecology of the water opossum (data from Leite et al. 2016)"
1151571123,true,2008-01-20 04:15:00.000,-42.55262281980442,-22.51363855273634,"moving","radio","watercourse","0.43-0-1","radio-transmitter","Chironectes minimus","FLOR","F2-FLOR","Spatial ecology of the water opossum (data from Leite et al. 2016)"
1151571124,true,2008-01-20 05:15:00.000,-42.55296902531629,-22.513291719277934,"moving","radio","watercourse","0.43-0-1","radio-transmitter","Chironectes minimus","FLOR","F2-FLOR","Spatial ecology of the water opossum (data from Leite et al. 2016)"
1151571125,true,2008-01-20 06:15:00.000,-42.55204362410713,-22.513972813748538,"moving","radio","NA","0.46-0-0","radio-transmitter","Chironectes minimus","FLOR","F2-FLOR","Spatial ecology of the water opossum (data from Leite et al. 2016)"
1151571126,true,2008-01-20 08:15:00.000,-42.5543059408283,-22.512968969568835,"no_activity","radio","den","1.20-7-0","radio-transmitter","Chironectes minimus","FLOR","F2-FLOR","Spatial ecology of the water opossum (data from Leite et al. 2016)"
1151571127,true,2008-01-28 22:00:00.000,-42.5543059408283,-22.512968969568835,"no_activity","radio","den","1.20-7-0","radio-transmitter","Chironectes minimus","FLOR","F2-FLOR","Spatial ecology of the water opossum (data from Leite et al. 2016)"
1151571128,true,2008-01-29 00:00:00.000,-42.55581326501098,-22.51290158421239,"moving","radio","watercourse","0.65-7-1","radio-transmitter","Chironectes minimus","FLOR","F2-FLOR","Spatial ecology of the water opossum (data from Leite et al. 2016)"
1151571129,true,2008-01-29 01:20:00.000,-42.557145588803486,-22.51062865837171,"moving","radio","NA","0.84-0-0","radio-transmitter","Chironectes minimus","FLOR","F2-FLOR","Spatial ecology of the water opossum (data from Leite et al. 2016)"
1151571130,true,2008-02-16 18:30:00.000,-42.5543059408283,-22.512968969568835,"no_activity","radio","den","1.20-7-0","radio-transmitter","Chironectes minimus","FLOR","F2-FLOR","Spatial ecology of the water opossum (data from Leite et al. 2016)"
1151571131,true,2008-02-17 21:50:00.000,-42.55741644137054,-22.510145247896887,"moving","radio","watercourse","0.84-0-0","radio-transmitter","Chironectes minimus","FLOR","F2-FLOR","Spatial ecology of the water opossum (data from Leite et al. 2016)"
1151571132,true,2008-02-17 22:25:00.000,-42.55745942305843,-22.509911167917995,"moving","radio","riverbank","0.84-0-0","radio-transmitter","Chironectes minimus","FLOR","F2-FLOR","Spatial ecology of the water opossum (data from Leite et al. 2016)"
1151571133,true,2008-02-18 07:20:00.000,-42.55325761637419,-22.5140093293077,"moving","radio","watercourse","1.00-3-1","radio-transmitter","Chironectes minimus","FLOR","F2-FLOR","Spatial ecology of the water opossum (data from Leite et al. 2016)"
1151571134,true,2008-02-18 08:20:00.000,-42.5543059408283,-22.512968969568835,"moving","radio","den","1.20-7-0","radio-transmitter","Chironectes minimus","FLOR","F2-FLOR","Spatial ecology of the water opossum (data from Leite et al. 2016)"
1151571135,true,2008-02-18 09:00:00.000,-42.5543059408283,-22.512968969568835,"no_activity","radio","den","1.20-7-0","radio-transmitter","Chironectes minimus","FLOR","F2-FLOR","Spatial ecology of the water opossum (data from Leite et al. 2016)"
1151571136,true,2008-02-20 21:15:00.000,-42.55352372184026,-22.51379669902781,"moving","radio","watercourse","1.00-3-1","radio-transmitter","Chironectes minimus","FLOR","F2-FLOR","Spatial ecology of the water opossum (data from Leite et al. 2016)"
1151571137,true,2008-03-04 23:00:00.000,-42.55103222484034,-22.51512205616073,"moving","radio","watercourse","2.44-6-1","radio-transmitter","Chironectes minimus","FLOR","F2-FLOR","Spatial ecology of the water opossum (data from Leite et al. 2016)"
1151571138,true,2008-03-05 00:00:00.000,-42.55069509585131,-22.516055850787694,"no_activity","radio","den","1.16-4-0","radio-transmitter","Chironectes minimus","FLOR","F2-FLOR","Spatial ecology of the water opossum (data from Leite et al. 2016)"
1151571139,true,2008-03-05 01:00:00.000,-42.55069509585131,-22.516055850787694,"moving","radio","den","1.16-4-0","radio-transmitter","Chironectes minimus","FLOR","F2-FLOR","Spatial ecology of the water opossum (data from Leite et al. 2016)"
1151571140,true,2008-03-05 02:00:00.000,-42.55069509585131,-22.516055850787694,"no_activity","radio","den","1.16-4-0","radio-transmitter","Chironectes minimus","FLOR","F2-FLOR","Spatial ecology of the water opossum (data from Leite et al. 2016)"
1151571141,true,2008-03-05 04:00:00.000,-42.55069509585131,-22.516055850787694,"moving","radio","den","1.16-4-0","radio-transmitter","Chironectes minimus","FLOR","F2-FLOR","Spatial ecology of the water opossum (data from Leite et al. 2016)"
1151571142,true,2008-03-05 05:00:00.000,-42.55069509585131,-22.516055850787694,"moving","radio","den","1.16-4-0","radio-transmitter","Chironectes minimus","FLOR","F2-FLOR","Spatial ecology of the water opossum (data from Leite et al. 2016)"
1151571143,true,2008-03-05 06:00:00.000,-42.55069509585131,-22.516055850787694,"moving","radio","den","1.16-4-0","radio-transmitter","Chironectes minimus","FLOR","F2-FLOR","Spatial ecology of the water opossum (data from Leite et al. 2016)"
1151571144,true,2008-03-05 08:00:00.000,-42.55069509585131,-22.516055850787694,"no_activity","radio","den","1.16-4-0","radio-transmitter","Chironectes minimus","FLOR","F2-FLOR","Spatial ecology of the water opossum (data from Leite et al. 2016)"
1151571145,true,2008-03-05 21:10:00.000,-42.55187850423149,-22.515071734114294,"no_activity","radio","den","0.08-2-0","radio-transmitter","Chironectes minimus","FLOR","F2-FLOR","Spatial ecology of the water opossum (data from Leite et al. 2016)"
1151571146,true,2008-03-06 00:00:00.000,-42.55204362410713,-22.513972813748538,"moving","radio","watercourse","0.46-0-0","radio-transmitter","Chironectes minimus","FLOR","F2-FLOR","Spatial ecology of the water opossum (data from Leite et al. 2016)"
1151571147,true,2008-03-06 01:00:00.000,-42.55435871345467,-22.514387189729685,"moving","radio","NA","0.19-3-0","radio-transmitter","Chironectes minimus","FLOR","F2-FLOR","Spatial ecology of the water opossum (data from Leite et al. 2016)"
1151571148,true,2008-03-06 02:05:00.000,-42.55400082151217,-22.51319003663513,"moving","radio","NA","0.87-5-1","radio-transmitter","Chironectes minimus","FLOR","F2-FLOR","Spatial ecology of the water opossum (data from Leite et al. 2016)"
1151571149,true,2008-03-06 03:05:00.000,-42.554137141385475,-22.513174051895962,"no_activity","radio","den","0.87-5-1","radio-transmitter","Chironectes minimus","FLOR","F2-FLOR","Spatial ecology of the water opossum (data from Leite et al. 2016)"
1151571150,true,2008-03-19 22:00:00.000,-42.554137141385475,-22.513174051895962,"no_activity","radio","den","0.87-5-1","radio-transmitter","Chironectes minimus","FLOR","F2-FLOR","Spatial ecology of the water opossum (data from Leite et al. 2016)"
1151571151,true,2008-03-20 06:30:00.000,-42.552934035265885,-22.514726660778834,"moving","radio","NA","0.70-5-1","radio-transmitter","Chironectes minimus","FLOR","F2-FLOR","Spatial ecology of the water opossum (data from Leite et al. 2016)"
1151571152,true,2008-03-20 07:20:00.000,-42.553911845527715,-22.5143803989386,"moving","radio","watercourse","0.19-3-0","radio-transmitter","Chironectes minimus","FLOR","F2-FLOR","Spatial ecology of the water opossum (data from Leite et al. 2016)"
1151571153,true,2008-03-20 08:30:00.000,-42.55470668889248,-22.514491786423907,"moving","radio","NA","0.07-2-1","radio-transmitter","Chironectes minimus","FLOR","F2-FLOR","Spatial ecology of the water opossum (data from Leite et al. 2016)"
1151571154,true,2008-03-20 09:30:00.000,-42.55511469930186,-22.514497984775822,"moving","radio","watercourse","0.22-1-0","radio-transmitter","Chironectes minimus","FLOR","F2-FLOR","Spatial ecology of the water opossum (data from Leite et al. 2016)"
1151571155,true,2008-03-20 10:30:00.000,-42.55528029613493,-22.513922698824523,"no_activity","radio","den","0.08-3-0","radio-transmitter","Chironectes minimus","FLOR","F2-FLOR","Spatial ecology of the water opossum (data from Leite et al. 2016)"
1151571156,true,2008-03-20 21:25:00.000,-42.55540089461143,-22.514800260762605,"moving","radio","watercourse","0.02-3-1","radio-transmitter","Chironectes minimus","FLOR","F2-FLOR","Spatial ecology of the water opossum (data from Leite et al. 2016)"
1151571157,true,2008-03-20 22:30:00.000,-42.55548131080524,-22.514648003674267,"moving","radio","watercourse","0.16-2-1","radio-transmitter","Chironectes minimus","FLOR","F2-FLOR","Spatial ecology of the water opossum (data from Leite et al. 2016)"
1151571158,true,2008-03-20 23:30:00.000,-42.55554102731906,-22.51456765732633,"no_activity","radio","den","0.16-2-1","radio-transmitter","Chironectes minimus","FLOR","F2-FLOR","Spatial ecology of the water opossum (data from Leite et al. 2016)"
1151571159,true,2008-03-21 02:30:00.000,-42.555387182755176,-22.514475039234622,"moving","radio","forest","0.02-3-1","radio-transmitter","Chironectes minimus","FLOR","F2-FLOR","Spatial ecology of the water opossum (data from Leite et al. 2016)"
1151571160,true,2008-03-21 03:30:00.000,-42.55554102731906,-22.51456765732633,"moving","radio","NA","0.16-2-1","radio-transmitter","Chironectes minimus","FLOR","F2-FLOR","Spatial ecology of the water opossum (data from Leite et al. 2016)"
1151571161,true,2008-03-21 04:30:00.000,-42.55560201413917,-22.51441510506427,"moving","radio","NA","0.06-2-1","radio-transmitter","Chironectes minimus","FLOR","F2-FLOR","Spatial ecology of the water opossum (data from Leite et al. 2016)"
1151571162,true,2008-03-21 05:45:00.000,-42.555877672997454,-22.514211643922287,"no_activity","radio","NA","0.06-2-1","radio-transmitter","Chironectes minimus","FLOR","F2-FLOR","Spatial ecology of the water opossum (data from Leite et al. 2016)"
1151571163,true,2008-03-21 06:45:00.000,-42.55544261142131,-22.514638387749898,"moving","radio","watercourse","0.16-2-1","radio-transmitter","Chironectes minimus","FLOR","F2-FLOR","Spatial ecology of the water opossum (data from Leite et al. 2016)"
1151571164,true,2008-03-21 07:45:00.000,-42.55313484328069,-22.514359560199303,"moving","radio","den","0.66-4-1","radio-transmitter","Chironectes minimus","FLOR","F2-FLOR","Spatial ecology of the water opossum (data from Leite et al. 2016)"
1151571165,true,2008-04-29 23:50:00.000,-42.55311159924505,-22.51457588207705,"no_activity","radio","den","0.25-5-1","radio-transmitter","Chironectes minimus","FLOR","F2-FLOR","Spatial ecology of the water opossum (data from Leite et al. 2016)"
1151571166,true,2008-04-30 15:00:00.000,-42.55094277607173,-22.51854235363557,"NA","capture","trap","1.65-3-0","radio-transmitter","Chironectes minimus","RIVA","M4-RIVA","Spatial ecology of the water opossum (data from Leite et al. 2016)"
1151571167,true,2008-06-26 15:00:00.000,-42.551795990984424,-22.514239891136928,"no_activity","radio","den","2.16-4-1","radio-transmitter","Chironectes minimus","RIVA","M4-RIVA","Spatial ecology of the water opossum (data from Leite et al. 2016)"
1151571168,true,2008-06-26 20:05:00.000,-42.551795990984424,-22.514239891136928,"no_activity","radio","den","2.16-4-1","radio-transmitter","Chironectes minimus","RIVA","M4-RIVA","Spatial ecology of the water opossum (data from Leite et al. 2016)"
1151571169,true,2008-06-26 23:50:00.000,-42.55075246589554,-22.518864469620226,"moving","radio","watercourse","1.91-12-0","radio-transmitter","Chironectes minimus","RIVA","M4-RIVA","Spatial ecology of the water opossum (data from Leite et al. 2016)"
1151571170,true,2008-06-27 00:50:00.000,-42.544525638750045,-22.52259748743366,"moving","radio","watercourse","5.28-5-0","radio-transmitter","Chironectes minimus","RIVA","M4-RIVA","Spatial ecology of the water opossum (data from Leite et al. 2016)"
1151571171,true,2008-06-27 01:50:00.000,-42.54400088929925,-22.522047793538977,"moving","radio","trap","0.68-2-0","radio-transmitter","Chironectes minimus","RIVA","M4-RIVA","Spatial ecology of the water opossum (data from Leite et al. 2016)"
1151571172,true,2008-07-09 20:55:00.000,-42.551795990984424,-22.514239891136928,"no_activity","radio","den","2.16-4-1","radio-transmitter","Chironectes minimus","RIVA","M4-RIVA","Spatial ecology of the water opossum (data from Leite et al. 2016)"
1151571173,true,2008-07-10 01:00:00.000,-42.55228777297217,-22.514455017854697,"moving","radio","NA","1.60-3-1","radio-transmitter","Chironectes minimus","RIVA","M4-RIVA","Spatial ecology of the water opossum (data from Leite et al. 2016)"
1151571174,true,2008-07-10 02:00:00.000,-42.55228777297217,-22.514455017854697,"moving","radio","NA","1.60-3-1","radio-transmitter","Chironectes minimus","RIVA","M4-RIVA","Spatial ecology of the water opossum (data from Leite et al. 2016)"
1151571175,true,2008-07-10 03:00:00.000,-42.55066232701936,-22.519016575729303,"moving","radio","NA","4.86-11-0","radio-transmitter","Chironectes minimus","RIVA","M4-RIVA","Spatial ecology of the water opossum (data from Leite et al. 2016)"
1151571176,true,2008-07-10 04:00:00.000,-42.54515631779484,-22.522652251158863,"moving","radio","watercourse","5.32-2-0","radio-transmitter","Chironectes minimus","RIVA","M4-RIVA","Spatial ecology of the water opossum (data from Leite et al. 2016)"
1151571177,true,2008-07-10 05:00:00.000,-42.549170066709365,-22.52263218451941,"moving","radio","NA","6.86-3-0","radio-transmitter","Chironectes minimus","RIVA","M4-RIVA","Spatial ecology of the water opossum (data from Leite et al. 2016)"
1151571178,true,2008-07-10 06:00:00.000,-42.55066232701936,-22.519016575729303,"moving","radio","NA","4.86-11-0","radio-transmitter","Chironectes minimus","RIVA","M4-RIVA","Spatial ecology of the water opossum (data from Leite et al. 2016)"
1151571179,true,2008-07-10 07:00:00.000,-42.551969738651486,-22.514305730811056,"moving","radio","NA","2.16-4-1","radio-transmitter","Chironectes minimus","RIVA","M4-RIVA","Spatial ecology of the water opossum (data from Leite et al. 2016)"
1151571180,true,2008-07-10 08:00:00.000,-42.552946611283204,-22.51456434556478,"no_activity","radio","den","0.70-5-1","radio-transmitter","Chironectes minimus","RIVA","M4-RIVA","Spatial ecology of the water opossum (data from Leite et al. 2016)"
1151571181,true,2008-07-10 20:30:00.000,-42.552946611283204,-22.51456434556478,"no_activity","radio","den","0.70-5-1","radio-transmitter","Chironectes minimus","RIVA","M4-RIVA","Spatial ecology of the water opossum (data from Leite et al. 2016)"
1151571182,true,2008-07-11 02:00:00.000,-42.55662203664796,-22.51166797825558,"moving","radio","NA","0.14-3-0","radio-transmitter","Chironectes minimus","RIVA","M4-RIVA","Spatial ecology of the water opossum (data from Leite et al. 2016)"
1151571183,true,2008-07-11 03:00:00.000,-42.55664194146851,-22.511641195935184,"moving","radio","NA","0.14-3-0","radio-transmitter","Chironectes minimus","RIVA","M4-RIVA","Spatial ecology of the water opossum (data from Leite et al. 2016)"
1151571184,true,2008-07-11 04:00:00.000,-42.55228777297217,-22.514455017854697,"moving","radio","NA","1.60-3-1","radio-transmitter","Chironectes minimus","RIVA","M4-RIVA","Spatial ecology of the water opossum (data from Leite et al. 2016)"
1151571185,true,2008-07-11 05:00:00.000,-42.55228777297217,-22.514455017854697,"moving","radio","NA","1.60-3-1","radio-transmitter","Chironectes minimus","RIVA","M4-RIVA","Spatial ecology of the water opossum (data from Leite et al. 2016)"
1151571186,true,2008-07-11 06:00:00.000,-42.550626020479186,-22.51942228848427,"moving","radio","watercourse","3.56-5-0","radio-transmitter","Chironectes minimus","RIVA","M4-RIVA","Spatial ecology of the water opossum (data from Leite et al. 2016)"
1151571187,true,2008-07-11 07:00:00.000,-42.543366957167805,-22.52712092495508,"moving","radio","watercourse","5.74-4-0","radio-transmitter","Chironectes minimus","RIVA","M4-RIVA","Spatial ecology of the water opossum (data from Leite et al. 2016)"
1151571188,true,2008-07-22 20:40:00.000,-42.552946611283204,-22.51456434556478,"no_activity","radio","den","0.70-5-1","radio-transmitter","Chironectes minimus","RIVA","M4-RIVA","Spatial ecology of the water opossum (data from Leite et al. 2016)"
1151571189,true,2008-07-22 23:15:00.000,-42.55178627649141,-22.514239743370528,"moving","radio","watercourse","5.74-4-0","radio-transmitter","Chironectes minimus","RIVA","M4-RIVA","Spatial ecology of the water opossum (data from Leite et al. 2016)"
1151571190,true,2008-07-23 01:00:00.000,-42.543376353118425,-22.527139124586775,"moving","radio","NA","3.19-0-1","radio-transmitter","Chironectes minimus","RIVA","M4-RIVA","Spatial ecology of the water opossum (data from Leite et al. 2016)"
1151571191,true,2008-07-23 17:10:00.000,-42.53399877994502,-22.524937263121274,"no_activity","radio","den","1.84-6-1","radio-transmitter","Chironectes minimus","RIVA","M4-RIVA","Spatial ecology of the water opossum (data from Leite et al. 2016)"
1151571192,true,2008-07-23 22:55:00.000,-42.537289187000454,-22.52844540501957,"moving","radio","watercourse","1.15-0-0","radio-transmitter","Chironectes minimus","RIVA","M4-RIVA","Spatial ecology of the water opossum (data from Leite et al. 2016)"
1151571193,true,2008-07-23 23:55:00.000,-42.537693353627105,-22.530862080450355,"moving","radio","watercourse","8.72-2-0","radio-transmitter","Chironectes minimus","RIVA","M4-RIVA","Spatial ecology of the water opossum (data from Leite et al. 2016)"
1151571194,true,2005-08-24 15:00:00.000,-42.544599209959266,-22.522833340417154,"NA","capture","trap","0.17-4-0","radio-transmitter","Chironectes minimus","MARG","F3-MARG","Spatial ecology of the water opossum (data from Leite et al. 2016)"
1151571195,true,2005-08-24 20:30:00.000,-42.544439460417,-22.523074660847634,"no_activity","radio","shelter","5.32-2-0","radio-transmitter","Chironectes minimus","MARG","F3-MARG","Spatial ecology of the water opossum (data from Leite et al. 2016)"
1151571196,true,2005-08-30 23:00:00.000,-42.545156477334665,-22.52264322550313,"moving","radio","watercourse","5.32-2-0","radio-transmitter","Chironectes minimus","MARG","F3-MARG","Spatial ecology of the water opossum (data from Leite et al. 2016)"
1151571197,true,2005-08-30 23:55:00.000,-42.54368975858716,-22.52425492444094,"moving","radio","NA","3.18-6-0","radio-transmitter","Chironectes minimus","MARG","F3-MARG","Spatial ecology of the water opossum (data from Leite et al. 2016)"
1151571198,true,2005-09-15 20:15:00.000,-42.54723024431645,-22.522422064090055,"no_activity","radio","den","14.94-2-0","radio-transmitter","Chironectes minimus","MARG","F3-MARG","Spatial ecology of the water opossum (data from Leite et al. 2016)"
1151571199,true,2005-09-15 21:50:00.000,-42.546020477567374,-22.522692517311487,"moving","radio","riverbank","4.19-3-0","radio-transmitter","Chironectes minimus","MARG","F3-MARG","Spatial ecology of the water opossum (data from Leite et al. 2016)"
1151571200,true,2005-09-16 03:36:00.000,-42.54723024431645,-22.522422064090055,"no_activity","radio","den","14.94-2-0","radio-transmitter","Chironectes minimus","MARG","F3-MARG","Spatial ecology of the water opossum (data from Leite et al. 2016)"
1151571201,true,2005-09-17 21:00:00.000,-42.54723024431645,-22.522422064090055,"no_activity","radio","den","14.94-2-0","radio-transmitter","Chironectes minimus","MARG","F3-MARG","Spatial ecology of the water opossum (data from Leite et al. 2016)"
1151571203,true,2005-09-18 11:00:00.000,-42.54723024431645,-22.522422064090055,"no_activity","radio","den","14.94-2-0","radio-transmitter","Chironectes minimus","MARG","F3-MARG","Spatial ecology of the water opossum (data from Leite et al. 2016)"
1151571202,true,2005-09-18 15:00:00.000,-42.54462167197517,-22.522662149535833,"NA","capture","trap","0.05-5-0","radio-transmitter","Chironectes minimus","MARG","F3-MARG","Spatial ecology of the water opossum (data from Leite et al. 2016)"
1151571204,true,2005-09-19 14:00:00.000,-42.546359399897284,-22.52221016879274,"no_activity","radio","den","0.05-1-0","radio-transmitter","Chironectes minimus","MARG","F3-MARG","Spatial ecology of the water opossum (data from Leite et al. 2016)"
1151571205,true,2005-09-19 22:00:00.000,-42.545244869828984,-22.52259040551119,"moving","radio","NA","5.32-2-0","radio-transmitter","Chironectes minimus","MARG","F3-MARG","Spatial ecology of the water opossum (data from Leite et al. 2016)"
1151571206,true,2005-09-19 22:55:00.000,-42.54515631779484,-22.522652251158863,"no_activity","radio","den","5.32-2-0","radio-transmitter","Chironectes minimus","MARG","F3-MARG","Spatial ecology of the water opossum (data from Leite et al. 2016)"
1151571207,true,2005-09-20 02:12:00.000,-42.54535175113803,-22.522041322513296,"moving","radio","swamp","0.01-0-1","radio-transmitter","Chironectes minimus","MARG","F3-MARG","Spatial ecology of the water opossum (data from Leite et al. 2016)"
1151571208,true,2005-09-20 10:00:00.000,-42.54515631779484,-22.522652251158863,"no_activity","radio","den","5.32-2-0","radio-transmitter","Chironectes minimus","MARG","F3-MARG","Spatial ecology of the water opossum (data from Leite et al. 2016)"
1151571209,true,2005-09-22 12:15:00.000,-42.545437909927074,-22.522114861585983,"no_activity","radio","swamp","0.01-0-1","radio-transmitter","Chironectes minimus","MARG","F3-MARG","Spatial ecology of the water opossum (data from Leite et al. 2016)"
1151571210,true,2007-01-13 15:00:00.000,-42.54462167197517,-22.522662149535833,"NA","capture","trap","1.72-5-0","radio-transmitter","Chironectes minimus","TONI","M6-TONI","Spatial ecology of the water opossum (data from Leite et al. 2016)"
1151571211,true,2007-01-17 15:00:00.000,-42.55185309583409,-22.52753918565844,"NA","capture","trap","0.31-3-1","radio-transmitter","Chironectes minimus","TONI","M6-TONI","Spatial ecology of the water opossum (data from Leite et al. 2016)"
1151571212,true,2007-03-15 15:00:00.000,-42.55105277422017,-22.528285366227525,"NA","capture","trap","3.18-12-1","radio-transmitter","Chironectes minimus","TONI","M6-TONI","Spatial ecology of the water opossum (data from Leite et al. 2016)"
1151571213,true,2007-03-15 21:30:00.000,-42.55229522248072,-22.52726604143632,"no_activity","radio","shelter","1.67-2-0","radio-transmitter","Chironectes minimus","TONI","M6-TONI","Spatial ecology of the water opossum (data from Leite et al. 2016)"
1151571214,true,2007-03-17 00:00:00.000,-42.55229522248072,-22.52726604143632,"no_activity","radio","shelter","1.67-2-0","radio-transmitter","Chironectes minimus","TONI","M6-TONI","Spatial ecology of the water opossum (data from Leite et al. 2016)"
1151571215,true,2007-03-17 19:45:00.000,-42.55480420103497,-22.523304731993882,"no_activity","radio","den","3.51-1-1","radio-transmitter","Chironectes minimus","TONI","M6-TONI","Spatial ecology of the water opossum (data from Leite et al. 2016)"
1151571216,true,2007-03-17 22:10:00.000,-42.558843927407686,-22.522914665137964,"moving","radio","NA","1.44-1-0","radio-transmitter","Chironectes minimus","TONI","M6-TONI","Spatial ecology of the water opossum (data from Leite et al. 2016)"
1151571217,true,2007-03-18 00:10:00.000,-42.55855247292416,-22.5229102430357,"moving","radio","NA","1.44-1-0","radio-transmitter","Chironectes minimus","TONI","M6-TONI","Spatial ecology of the water opossum (data from Leite et al. 2016)"
1151571218,true,2007-03-18 01:00:00.000,-42.55644018620399,-22.52366362698701,"moving","radio","watercourse","1.48-6-1","radio-transmitter","Chironectes minimus","TONI","M6-TONI","Spatial ecology of the water opossum (data from Leite et al. 2016)"
1151571219,true,2007-03-18 02:30:00.000,-42.552431556397565,-22.527250059414175,"moving","radio","watercourse","1.67-2-0","radio-transmitter","Chironectes minimus","TONI","M6-TONI","Spatial ecology of the water opossum (data from Leite et al. 2016)"
1151571220,true,2007-03-18 04:40:00.000,-42.55751409566559,-22.52338200395387,"moving","radio","NA","2.21-1-0","radio-transmitter","Chironectes minimus","TONI","M6-TONI","Spatial ecology of the water opossum (data from Leite et al. 2016)"
1151571221,true,2007-03-18 23:46:00.000,-42.559847518321334,-22.5216569174912,"no_activity","radio","den","0.37-2-0","radio-transmitter","Chironectes minimus","TONI","M6-TONI","Spatial ecology of the water opossum (data from Leite et al. 2016)"
1151571222,true,2007-03-19 02:46:00.000,-42.56185009204337,-22.521615048130705,"moving","radio","NA","4.28-3-1","radio-transmitter","Chironectes minimus","TONI","M6-TONI","Spatial ecology of the water opossum (data from Leite et al. 2016)"
1151571223,true,2007-03-19 03:30:00.000,-42.56020733621729,-22.52219503521302,"moving","radio","watercourse","2.01-4-1","radio-transmitter","Chironectes minimus","TONI","M6-TONI","Spatial ecology of the water opossum (data from Leite et al. 2016)"
1151571224,true,2007-03-19 04:35:00.000,-42.55476824266204,-22.524243111552206,"no_activity","radio","NA","2.03-2-1","radio-transmitter","Chironectes minimus","TONI","M6-TONI","Spatial ecology of the water opossum (data from Leite et al. 2016)"
1151571225,true,2007-03-19 05:30:00.000,-42.551871245700845,-22.52706097161538,"moving","radio","trap","0.25-2-0","radio-transmitter","Chironectes minimus","TONI","M6-TONI","Spatial ecology of the water opossum (data from Leite et al. 2016)"
1151571226,true,2007-03-19 07:00:00.000,-42.55480420103497,-22.523304731993882,"no_activity","radio","den","3.51-1-1","radio-transmitter","Chironectes minimus","TONI","M6-TONI","Spatial ecology of the water opossum (data from Leite et al. 2016)"
1151571227,true,2007-04-14 15:00:00.000,-42.54462167197517,-22.522662149535833,"NA","capture","trap","3.18-12-1","radio-transmitter","Chironectes minimus","MALA","M2-MALA","Spatial ecology of the water opossum (data from Leite et al. 2016)"
1151571228,true,2007-07-01 15:00:00.000,-42.54355112670009,-22.52220343343187,"NA","capture","trap","0.15-1-0","radio-transmitter","Chironectes minimus","MALA","M2-MALA","Spatial ecology of the water opossum (data from Leite et al. 2016)"
1151571229,true,2007-07-04 15:00:00.000,-42.55093019688754,-22.518704668379822,"NA","capture","trap","3.18-12-1","radio-transmitter","Chironectes minimus","MALA","M2-MALA","Spatial ecology of the water opossum (data from Leite et al. 2016)"
1151571230,true,2007-07-04 15:30:00.000,-42.55116637532369,-22.518536728198054,"no_activity","radio","shelter","1.65-3-0","radio-transmitter","Chironectes minimus","MALA","M2-MALA","Spatial ecology of the water opossum (data from Leite et al. 2016)"
1151571231,true,2007-07-06 20:50:00.000,-42.54927119946425,-22.521857307458497,"no_activity","radio","den","0.12-2-1","radio-transmitter","Chironectes minimus","MALA","M2-MALA","Spatial ecology of the water opossum (data from Leite et al. 2016)"
1151571232,true,2007-07-06 21:57:00.000,-42.545663254173796,-22.522560675501417,"moving","radio","NA","5.23-0-0","radio-transmitter","Chironectes minimus","MALA","M2-MALA","Spatial ecology of the water opossum (data from Leite et al. 2016)"
1151571233,true,2007-07-06 22:53:00.000,-42.54360863678756,-22.52554470144295,"no_activity","radio","watercourse","3.44-5-0","radio-transmitter","Chironectes minimus","MALA","M2-MALA","Spatial ecology of the water opossum (data from Leite et al. 2016)"
1151571234,true,2007-07-07 00:00:00.000,-42.543328255534234,-22.52711130589316,"moving","radio","watercourse","5.74-4-0","radio-transmitter","Chironectes minimus","MALA","M2-MALA","Spatial ecology of the water opossum (data from Leite et al. 2016)"
1151571235,true,2007-07-07 03:20:00.000,-42.54309867945219,-22.52855229203351,"no_activity","radio","den","8.88-6-0","radio-transmitter","Chironectes minimus","MALA","M2-MALA","Spatial ecology of the water opossum (data from Leite et al. 2016)"
1151571236,true,2007-07-07 20:30:00.000,-42.54309867945219,-22.52855229203351,"no_activity","radio","den","8.88-6-0","radio-transmitter","Chironectes minimus","MALA","M2-MALA","Spatial ecology of the water opossum (data from Leite et al. 2016)"
1151571237,true,2007-07-07 22:50:00.000,-42.540421982519845,-22.528791259564063,"moving","radio","watercourse","4.13-1-0","radio-transmitter","Chironectes minimus","MALA","M2-MALA","Spatial ecology of the water opossum (data from Leite et al. 2016)"
1151571238,true,2007-07-07 23:50:00.000,-42.54228300105856,-22.52961417277956,"moving","radio","watercourse","4.07-1-0","radio-transmitter","Chironectes minimus","MALA","M2-MALA","Spatial ecology of the water opossum (data from Leite et al. 2016)"
1151571239,true,2007-07-08 00:55:00.000,-42.5451816512102,-22.527265990514515,"moving","radio","watercourse","2.33-2-0","radio-transmitter","Chironectes minimus","MALA","M2-MALA","Spatial ecology of the water opossum (data from Leite et al. 2016)"
1151571240,true,2007-07-08 01:53:00.000,-42.546683851351695,-22.528047265267706,"moving","radio","watercourse","2.76-2-0","radio-transmitter","Chironectes minimus","MALA","M2-MALA","Spatial ecology of the water opossum (data from Leite et al. 2016)"
1151571241,true,2007-07-08 02:55:00.000,-42.5451816512102,-22.527265990514515,"moving","radio","watercourse","2.33-2-0","radio-transmitter","Chironectes minimus","MALA","M2-MALA","Spatial ecology of the water opossum (data from Leite et al. 2016)"
1151571242,true,2007-07-08 03:55:00.000,-42.543714410377895,-22.525058799998465,"moving","radio","NA","5.09-4-0","radio-transmitter","Chironectes minimus","MALA","M2-MALA","Spatial ecology of the water opossum (data from Leite et al. 2016)"
1151571243,true,2007-07-08 05:00:00.000,-42.54480276542546,-22.52231281747799,"no_activity","radio","den","0.05-1-0","radio-transmitter","Chironectes minimus","MALA","M2-MALA","Spatial ecology of the water opossum (data from Leite et al. 2016)"
1151571244,true,2007-07-27 15:00:00.000,-42.54647138808208,-22.527971800330153,"NA","capture","trap","1.65-3-0","radio-transmitter","Chironectes minimus","MALA","M2-MALA","Spatial ecology of the water opossum (data from Leite et al. 2016)"
1151571245,true,2007-07-30 15:00:00.000,-42.54309199240224,-22.52179015982426,"NA","capture","trap","0.12-2-0","radio-transmitter","Chironectes minimus","MALA","M2-MALA","Spatial ecology of the water opossum (data from Leite et al. 2016)"
1151571246,true,2010-02-22 15:00:00.000,-42.55080356384412,-22.51706865120579,"NA","capture","trap","3.18-12-1","radio-transmitter","Chironectes minimus","ALE","F1-ALE","Spatial ecology of the water opossum (data from Leite et al. 2016)"
1151571247,true,2010-02-23 00:18:00.000,-42.55090023331407,-22.51709720671449,"moving","radio","shelter","3.18-12-1","radio-transmitter","Chironectes minimus","ALE","F1-ALE","Spatial ecology of the water opossum (data from Leite et al. 2016)"
1151571248,true,2010-02-23 01:25:00.000,-42.5505796344633,-22.515990896720808,"no_activity","radio","den","1.16-4-0","radio-transmitter","Chironectes minimus","ALE","F1-ALE","Spatial ecology of the water opossum (data from Leite et al. 2016)"
1151571249,true,2010-02-23 02:15:00.000,-42.5505796344633,-22.515990896720808,"moving","radio","den","1.16-4-0","radio-transmitter","Chironectes minimus","ALE","F1-ALE","Spatial ecology of the water opossum (data from Leite et al. 2016)"
1151571250,true,2010-02-23 03:13:00.000,-42.5505796344633,-22.515990896720808,"no_activity","radio","den","1.16-4-0","radio-transmitter","Chironectes minimus","ALE","F1-ALE","Spatial ecology of the water opossum (data from Leite et al. 2016)"
1151571251,true,2010-02-23 05:00:00.000,-42.551760816254244,-22.515133140839225,"moving","radio","watercourse","0.08-2-0","radio-transmitter","Chironectes minimus","ALE","F1-ALE","Spatial ecology of the water opossum (data from Leite et al. 2016)"
1151571252,true,2010-02-23 07:10:00.000,-42.554871359410534,-22.51452137259688,"no_activity","radio","NA","0.22-1-0","radio-transmitter","Chironectes minimus","ALE","F1-ALE","Spatial ecology of the water opossum (data from Leite et al. 2016)"
1151571253,true,2010-02-23 08:00:00.000,-42.55311733976496,-22.514801672730282,"moving","radio","watercourse","0.47-3-1","radio-transmitter","Chironectes minimus","ALE","F1-ALE","Spatial ecology of the water opossum (data from Leite et al. 2016)"
1151571254,true,2010-02-23 22:50:00.000,-42.55358123409703,-22.51439343030663,"moving","radio","den","0.47-3-1","radio-transmitter","Chironectes minimus","ALE","F1-ALE","Spatial ecology of the water opossum (data from Leite et al. 2016)"
1151571255,true,2010-02-23 23:00:00.000,-42.55421251897261,-22.51441205265624,"moving","radio","watercourse","0.19-3-0","radio-transmitter","Chironectes minimus","ALE","F1-ALE","Spatial ecology of the water opossum (data from Leite et al. 2016)"
1151571256,true,2010-02-24 00:10:00.000,-42.55480042345543,-22.51303065114743,"no_activity","radio","den","2.42-15-1","radio-transmitter","Chironectes minimus","ALE","F1-ALE","Spatial ecology of the water opossum (data from Leite et al. 2016)"
1151571257,true,2010-02-24 00:58:00.000,-42.55602066203719,-22.51381657662804,"no_activity","radio","den","0.06-2-1","radio-transmitter","Chironectes minimus","ALE","F1-ALE","Spatial ecology of the water opossum (data from Leite et al. 2016)"
1151571258,true,2010-02-24 02:02:00.000,-42.55602066203719,-22.51381657662804,"no_activity","radio","den","0.06-2-1","radio-transmitter","Chironectes minimus","ALE","F1-ALE","Spatial ecology of the water opossum (data from Leite et al. 2016)"
1151571259,true,2010-02-24 02:47:00.000,-42.55447029172683,-22.513016607448535,"moving","radio","watercourse","1.20-7-0","radio-transmitter","Chironectes minimus","ALE","F1-ALE","Spatial ecology of the water opossum (data from Leite et al. 2016)"
1151571260,true,2010-03-09 22:00:00.000,-42.55391375239842,-22.514272090246273,"moving","radio","den","0.19-3-0","radio-transmitter","Chironectes minimus","ALE","F1-ALE","Spatial ecology of the water opossum (data from Leite et al. 2016)"
1151571261,true,2010-03-09 23:00:00.000,-42.55253637537691,-22.5146845017089,"no_activity","radio","den","1.60-3-1","radio-transmitter","Chironectes minimus","ALE","F1-ALE","Spatial ecology of the water opossum (data from Leite et al. 2016)"
1151571262,true,2010-03-10 00:39:00.000,-42.55115219661214,-22.518238584398468,"moving","radio","watercourse","1.15-2-1","radio-transmitter","Chironectes minimus","ALE","F1-ALE","Spatial ecology of the water opossum (data from Leite et al. 2016)"
1151571263,true,2010-03-10 02:45:00.000,-42.551803001751495,-22.51439347597455,"moving","radio","den","2.16-4-1","radio-transmitter","Chironectes minimus","ALE","F1-ALE","Spatial ecology of the water opossum (data from Leite et al. 2016)"
1151571264,true,2010-03-10 03:40:00.000,-42.552768411226175,-22.514751226934617,"moving","radio","watercourse","0.25-5-1","radio-transmitter","Chironectes minimus","ALE","F1-ALE","Spatial ecology of the water opossum (data from Leite et al. 2016)"
1151571265,true,2010-03-10 23:00:00.000,-42.556101553177754,-22.513637241882265,"moving","radio","den","0.06-2-1","radio-transmitter","Chironectes minimus","ALE","F1-ALE","Spatial ecology of the water opossum (data from Leite et al. 2016)"
1151571266,true,2010-03-20 01:40:00.000,-42.55391375239842,-22.514272090246273,"moving","radio","den","0.19-3-0","radio-transmitter","Chironectes minimus","ALE","F1-ALE","Spatial ecology of the water opossum (data from Leite et al. 2016)"
1151571267,true,2010-03-20 02:40:00.000,-42.555070204044625,-22.513161143354868,"moving","radio","den","1.05-11-1","radio-transmitter","Chironectes minimus","ALE","F1-ALE","Spatial ecology of the water opossum (data from Leite et al. 2016)"
1151571268,true,2010-03-20 03:40:00.000,-42.55563515562103,-22.514740621696703,"moving","radio","NA","0.16-2-1","radio-transmitter","Chironectes minimus","ALE","F1-ALE","Spatial ecology of the water opossum (data from Leite et al. 2016)"
1151571269,true,2010-03-20 22:00:00.000,-42.556101553177754,-22.513637241882265,"moving","radio","den","0.06-2-1","radio-transmitter","Chironectes minimus","ALE","F1-ALE","Spatial ecology of the water opossum (data from Leite et al. 2016)"
1151571270,true,2010-03-21 03:00:00.000,-42.557152288406066,-22.510800295048252,"moving","radio","NA","0.84-0-0","radio-transmitter","Chironectes minimus","ALE","F1-ALE","Spatial ecology of the water opossum (data from Leite et al. 2016)"
1151571271,true,2010-04-14 15:00:00.000,-42.556101553177754,-22.513637241882265,"no_activity","radio","den","0.06-2-1","radio-transmitter","Chironectes minimus","ALE","F1-ALE","Spatial ecology of the water opossum (data from Leite et al. 2016)"
1151571272,true,2010-04-15 15:00:00.000,-42.55391375239842,-22.514272090246273,"no_activity","radio","den","0.19-3-0","radio-transmitter","Chironectes minimus","ALE","F1-ALE","Spatial ecology of the water opossum (data from Leite et al. 2016)"
1151571273,true,2010-04-17 21:00:00.000,-42.55391375239842,-22.514272090246273,"no_activity","radio","den","0.19-3-0","radio-transmitter","Chironectes minimus","ALE","F1-ALE","Spatial ecology of the water opossum (data from Leite et al. 2016)"
1151571274,true,2010-05-01 21:00:00.000,-42.55554843483925,-22.51304201287187,"moving","radio","watercourse","0.65-7-1","radio-transmitter","Chironectes minimus","ALE","F1-ALE","Spatial ecology of the water opossum (data from Leite et al. 2016)"
1151571275,true,2010-05-02 21:00:00.000,-42.556101553177754,-22.513637241882265,"moving","radio","den","0.06-2-1","radio-transmitter","Chironectes minimus","ALE","F1-ALE","Spatial ecology of the water opossum (data from Leite et al. 2016)"
1151571276,true,2010-05-02 22:00:00.000,-42.552221361556484,-22.51436372654771,"no_activity","radio","den","0.84-4-1","radio-transmitter","Chironectes minimus","ALE","F1-ALE","Spatial ecology of the water opossum (data from Leite et al. 2016)"
1151571277,true,2010-05-03 00:10:00.000,-42.55140551369493,-22.514893004437127,"moving","radio","den","0.08-2-0","radio-transmitter","Chironectes minimus","ALE","F1-ALE","Spatial ecology of the water opossum (data from Leite et al. 2016)"
1151571278,true,2010-05-03 02:47:00.000,-42.55277076230891,-22.513514408313576,"moving","radio","watercourse","0.43-0-1","radio-transmitter","Chironectes minimus","ALE","F1-ALE","Spatial ecology of the water opossum (data from Leite et al. 2016)"
1151571279,true,2010-05-03 03:41:00.000,-42.55280854121577,-22.514679612040823,"moving","radio","den","0.02-2-1","radio-transmitter","Chironectes minimus","ALE","F1-ALE","Spatial ecology of the water opossum (data from Leite et al. 2016)"
1151571280,true,2010-05-03 04:47:00.000,-42.556101553177754,-22.513637241882265,"moving","radio","den","0.06-2-1","radio-transmitter","Chironectes minimus","ALE","F1-ALE","Spatial ecology of the water opossum (data from Leite et al. 2016)"
