tag-id,animal-id,animal-taxon,deploy-on-date,deploy-off-date,animal-comments,animal-death-comments,animal-life-stage,animal-mass,animal-reproductive-condition,animal-sex,attachment-type,deployment-end-type,deployment-id,manipulation-type,study-site,tag-manufacturer-name,tag-mass,tag-model
GODO,M1-GODO,Chironectes minimus,2005-07-02 14:00:00.000,2005-11-04 00:50:00.000,,,adult,380.0,,m,collar,unknown,M1-GODO,none,Aguas Claras River Basin Rio de Janeiro Brazil,"Wildlife Materials Inc., Murphysboro, USA",380.0,SOM-2380A
MARG,F3-MARG,Chironectes minimus,2005-08-24 15:00:00.000,2005-09-22 12:15:00.000,dead body found in a swamp. no offsprings in the pouch.,death in 2005-09-22,adult,310.0,lactating. Offsprings in the pouch.,f,collar,dead,F3-MARG,none,Aguas Claras River Basin Rio de Janeiro Brazil,"Wildlife Materials Inc., Murphysboro, USA",310.0,SOM-2380A
ROBI,M5-ROBI,Chironectes minimus,2005-08-25 15:00:00.000,2007-11-07 12:31:00.000,,,adult,320.0,,m,collar,unknown,M5-ROBI,none,Aguas Claras River Basin Rio de Janeiro Brazil,"Wildlife Materials Inc., Murphysboro, USA",320.0,SOM-2380A
PANQ,M3-PANQ,Chironectes minimus,2006-04-28 15:00:00.000,2007-07-31 15:00:00.000,,,adult,390.0,,m,collar,unknown,M3-PANQ,none,Aguas Claras River Basin Rio de Janeiro Brazil,"Wildlife Materials Inc., Murphysboro, USA",390.0,SOM-2380A
PACO,F4-PACO,Chironectes minimus,2006-06-07 15:00:00.000,2006-10-29 15:00:00.000,,,adult,235.0,lactating. Offsprings in the pouch.,f,collar,unknown,F4-PACO,none,Aguas Claras River Basin Rio de Janeiro Brazil,"Wildlife Materials Inc., Murphysboro, USA",235.0,SOM-2380A
TONI,M6-TONI,Chironectes minimus,2007-01-13 14:00:00.000,2007-03-19 14:00:00.000,,,adult,340.0,,m,collar,unknown,M6-TONI,none,Aguas Claras River Basin Rio de Janeiro Brazil,"Wildlife Materials Inc., Murphysboro, USA",340.0,SOM-2380A
FLOR,F2-FLOR,Chironectes minimus,2007-04-14 14:00:00.000,2008-04-29 23:50:00.000,dead body found inside a den in the next day,mortality signal in 2008-04-29 20:50 (local time),adult,350.0,lactating. Offsprings in the pouch. (but not when dead),f,collar,dead,F2-FLOR,none,Aguas Claras River Basin Rio de Janeiro Brazil,"Telenax, Playa del Carmen, Mexico",350.0,TXE-207C
MALA,M2-MALA,Chironectes minimus,2007-04-14 15:00:00.000,2007-07-30 15:00:00.000,dead body found inside the trap,death in 2007-07-07,adult,330.0,,m,collar,dead,M2-MALA,none,Aguas Claras River Basin Rio de Janeiro Brazil,"Wildlife Materials Inc., Murphysboro, USA",330.0,SOM-2380A
RIVA,M4-RIVA,Chironectes minimus,2008-04-30 15:00:00.000,2009-07-23 23:55:00.000,,,adult,335.0,,m,collar,unknown,M4-RIVA,none,Aguas Claras River Basin Rio de Janeiro Brazil,"Telenax, Playa del Carmen, Mexico",335.0,TXE-207C
ALE,F1-ALE,Chironectes minimus,2010-02-22 15:00:00.000,2010-05-03 04:47:00.000,,,adult,440.0,,f,collar,unknown,F1-ALE,none,Aguas Claras River Basin Rio de Janeiro Brazil,"Telenax, Playa del Carmen, Mexico",440.0,TXE-207C
