tag-id,animal-id,animal-taxon,deploy-on-date,deploy-off-date,animal-life-stage,animal-reproductive-condition,animal-ring-id,animal-sex,attachment-type,deployment-end-comments,deployment-end-type,duty-cycle,location-accuracy-comments,tag-comments,tag-manufacturer-name,tag-model
80526,TUSW_KS2,Cygnus columbianus,2008-07-15 08:00:00.000,2011-03-18 23:59:00.000,ASY,Breed,72702,f,implant,dead,dead,,least squares,battery,Microwave,
80498,TUSW_KS1,Cygnus columbianus,2008-07-15 08:00:00.000,2009-06-11 23:59:00.000,ASY,Breed,72701,f,implant,dead,dead,,least squares,battery,Microwave,
80490,TUSW_KS5,Cygnus columbianus,2008-07-15 08:00:00.000,2010-06-06 19:40:00.000,ASY,Breed,72705,f,implant,dead,dead,,least squares,battery,Microwave,
80525,TUSW_KS3,Cygnus columbianus,2008-07-15 08:00:00.000,2012-01-30 23:59:00.000,ASY,Breed,72703,f,implant,alive,equipment-failure,,least squares,battery,Microwave,
80524,TUSW_KS4,Cygnus columbianus,2008-07-15 08:00:00.000,2012-04-28 23:59:00.000,ASY,Breed,72704,f,implant,alive,equipment-failure,,least squares,battery,Microwave,
80533,TUSW_KS10,Cygnus columbianus,2008-07-16 08:00:00.000,2009-04-30 23:59:00.000,ASY,Non,72710,f,implant,dead,dead,,least squares,battery,Microwave,
80488,TUSW_KS7,Cygnus columbianus,2008-07-16 08:00:00.000,2012-01-12 23:59:00.000,SY,Non,72707,f,implant,alive,equipment-failure,,least squares,battery,Microwave,
80511,TUSW_KS9,Cygnus columbianus,2008-07-16 08:00:00.000,2012-03-25 23:59:00.000,ASY,Non,72709,f,implant,alive,equipment-failure,,least squares,battery,Microwave,
80506,TUSW_KS8,Cygnus columbianus,2008-07-16 08:00:00.000,2012-05-31 23:59:00.000,SY,Non,72708,f,implant,alive,equipment-failure,,least squares,battery,Microwave,
80492,TUSW_KS6,Cygnus columbianus,2008-07-16 08:00:00.000,2011-12-28 23:59:00.000,SY,Non,72706,m,implant,alive,equipment-failure,,least squares,battery,Microwave,
80510,TUSW_CB1,Cygnus columbianus,2008-07-18 08:00:00.000,2012-08-27 23:59:00.000,ASY,Breed,72711,f,implant,alive,equipment-failure,,least squares,battery,Microwave,
80491,TUSW_CB3,Cygnus columbianus,2008-07-19 08:00:00.000,2011-12-24 23:59:00.000,ASY,NonTP,72713,f,implant,alive,equipment-failure,,least squares,battery,Microwave,
80527,TUSW_CB2,Cygnus columbianus,2008-07-19 08:00:00.000,2011-12-16 23:59:00.000,ASY,NonTP,72712,f,implant,alive,equipment-failure,,least squares,battery,Microwave,
80508,TUSW_CB4,Cygnus columbianus,2008-07-20 08:00:00.000,2011-11-25 23:59:00.000,ASY,Breed,72714,f,implant,alive,equipment-failure,,least squares,battery,Microwave,
80496,TUSW_CB6,Cygnus columbianus,2008-07-20 08:00:00.000,2011-02-13 23:59:00.000,ASY,Non,72716,f,implant,alive,unknown,,least squares,battery,Microwave,
80529,TUSW_CB5,Cygnus columbianus,2008-07-20 08:00:00.000,2011-01-28 23:59:00.000,ASY,Breed,72715,f,implant,alive,equipment-failure,,least squares,battery,Microwave,
80518,TUSW_CB7,Cygnus columbianus,2008-07-21 08:00:00.000,2011-11-14 23:59:00.000,ASY,Non,72717,f,implant,alive,equipment-failure,,least squares,battery,Microwave,
80516,TUSW_CB9,Cygnus columbianus,2008-07-22 08:00:00.000,2011-06-12 23:59:00.000,ASY,Non,72719,f,implant,alive,equipment-failure,,least squares,battery,Microwave,
80530,TUSW_KZ2,Cygnus columbianus,2008-07-22 08:00:00.000,2009-05-26 23:59:00.000,ASY,Breed,42592,f,implant,dead,dead,,least squares,battery,Microwave,
80494,TUSW_KZ1,Cygnus columbianus,2008-07-22 08:00:00.000,2011-05-01 23:59:00.000,ASY,Breed,42600,f,implant,dead,dead,,least squares,battery,Microwave,
80495,TUSW_CB8,Cygnus columbianus,2008-07-22 08:00:00.000,2009-02-05 04:41:00.000,ASY,Non,72718,f,implant,dead,dead,,least squares,battery,Microwave,
80514,TUSW_KZ3,Cygnus columbianus,2008-07-23 08:00:00.000,2009-02-27 23:59:00.000,ASY,Breed,42594,f,implant,dead,dead,,least squares,battery,Microwave,
80534,TUSW_KZ7,Cygnus columbianus,2008-07-23 08:00:00.000,2012-03-13 23:59:00.000,ASY,Breed,42531,f,implant,alive,equipment-failure,,least squares,battery,Microwave,
80520,TUSW_KZ4,Cygnus columbianus,2008-07-23 08:00:00.000,2011-07-23 23:59:00.000,ASY,Breed,42593,f,implant,alive,equipment-failure,,least squares,battery,Microwave,
80512,TUSW_CB10,Cygnus columbianus,2008-07-23 08:00:00.000,2011-08-25 23:59:00.000,ASY,Non,72720,f,implant,alive,equipment-failure,,least squares,battery,Microwave,
80493,TUSW_KZ6,Cygnus columbianus,2008-07-23 08:00:00.000,2008-09-10 06:17:00.000,ASY,Non,42532,f,implant,dead,dead,,least squares,battery,Microwave,
80489,TUSW_KZ5,Cygnus columbianus,2008-07-23 08:00:00.000,2010-11-30 23:59:00.000,ASY,Non,42549,f,implant,alive,unknown,,least squares,battery,Microwave,
80536,TUSW_YK4,Cygnus columbianus,2008-07-24 08:00:00.000,2011-12-02 23:59:00.000,ASY,NB,72724,f,implant,alive,equipment-failure,,least squares,battery,Microwave,
80505,TUSW_YK2,Cygnus columbianus,2008-07-24 08:00:00.000,2010-12-19 23:59:00.000,ASY,NB,72722,f,implant,dead,dead,,least squares,battery,Microwave,
80507,TUSW_YK1,Cygnus columbianus,2008-07-24 08:00:00.000,2009-04-30 06:13:00.000,ASY,NB,72721,f,implant,dead,dead,,least squares,battery,Microwave,
80509,TUSW_YK3,Cygnus columbianus,2008-07-24 08:00:00.000,2011-07-29 23:59:00.000,SY,NB,72723,f,implant,alive,unknown,,least squares,battery,Microwave,
80535,TUSW_KZ9,Cygnus columbianus,2008-07-25 08:00:00.000,2012-02-12 23:59:00.000,ASY,Non,29895,f,implant,alive,equipment-failure,,least squares,battery,Microwave,
80499,TUSW_KZ8,Cygnus columbianus,2008-07-25 08:00:00.000,2012-09-10 23:59:00.000,ASY,Non,29899,f,implant,alive,equipment-failure,,least squares,battery,Microwave,
80500,TUSW_KZ10,Cygnus columbianus,2008-07-26 08:00:00.000,2012-09-25 23:59:00.000,ASY,Non,29897,f,implant,alive,equipment-failure,,least squares,battery,Microwave,
80517,TUSW_YK5,Cygnus columbianus,2008-07-26 08:00:00.000,2009-10-11 23:19:00.000,ASY,Breed,72725,f,implant,dead,dead,,least squares,battery,Microwave,
80519,TUSW_YK9,Cygnus columbianus,2008-07-27 08:00:00.000,2009-10-11 18:28:00.000,ASY,Breed,72729,m,implant,dead,dead,,least squares,battery,Microwave,
80521,TUSW_YK8,Cygnus columbianus,2008-07-27 08:00:00.000,2008-09-15 20:40:00.000,ASY,Breed,72728,m,implant,dead,dead,,least squares,battery,Microwave,
80528,TUSW_YK7,Cygnus columbianus,2008-07-27 08:00:00.000,2010-04-11 23:59:00.000,ASY,Breed,72727,m,implant,alive,unknown,,least squares,battery,Microwave,
80504,TUSW_YK10,Cygnus columbianus,2008-07-27 08:00:00.000,2012-08-21 23:59:00.000,ASY,NB,72730,f,implant,alive,equipment-failure,,least squares,battery,Microwave,
80501,TUSW_YK6,Cygnus columbianus,2008-07-27 08:00:00.000,2010-02-16 23:59:00.000,ASY,Breed,72726,m,implant,alive,unknown,,least squares,battery,Microwave,
80497,TUSW_NS2,Cygnus columbianus,2008-08-05 08:00:00.000,2011-07-24 23:59:00.000,SY,NB,10040,f,implant,alive,unknown,,least squares,battery,Microwave,
80531,TUSW_NS1,Cygnus columbianus,2008-08-05 08:00:00.000,2011-11-19 23:59:00.000,SY,NB,10037,f,implant,alive,equipment-failure,,least squares,battery,Microwave,
80537,TUSW_NS3,Cygnus columbianus,2008-08-05 08:00:00.000,2011-02-13 23:59:00.000,ASY,NB,10042,f,implant,alive,equipment-failure,,least squares,battery,Microwave,
80523,TUSW_NS7,Cygnus columbianus,2008-08-06 08:00:00.000,2012-02-13 23:59:00.000,ASY,Breed,11001,f,implant,alive,equipment-failure,,least squares,battery,Microwave,
80503,TUSW_NS4,Cygnus columbianus,2008-08-06 08:00:00.000,2012-01-22 23:59:00.000,ASY,Breed,10045,f,implant,alive,equipment-failure,,least squares,battery,Microwave,
80502,TUSW_NS5,Cygnus columbianus,2008-08-06 08:00:00.000,2012-05-15 23:59:00.000,ASY,Breed,10047,f,implant,alive,equipment-failure,,least squares,battery,Microwave,
80513,TUSW_NS6,Cygnus columbianus,2008-08-06 08:00:00.000,2009-07-10 14:34:00.000,ASY,Breed,10048,f,implant,dead,dead,,least squares,battery,Microwave,
80532,TUSW_NS9,Cygnus columbianus,2008-08-07 08:00:00.000,2011-12-26 23:59:00.000,ASY,BR,11005,f,implant,alive,equipment-failure,,least squares,battery,Microwave,
80522,TUSW_NS8,Cygnus columbianus,2008-08-07 08:00:00.000,2012-03-13 23:59:00.000,SY,NB,11002,f,implant,alive,equipment-failure,,least squares,battery,Microwave,
80515,TUSW_NS10,Cygnus columbianus,2008-08-07 08:00:00.000,2011-10-09 23:59:00.000,SY,NB,11007,m,implant,alive,unknown,,least squares,battery,Microwave,
