tag-id,animal-id,animal-taxon,deploy-on-date,deploy-off-date,animal-death-comments,animal-life-stage,animal-sex,attachment-type,deployment-comments,deployment-end-comments,deployment-end-type,deployment-id,manipulation-type,tag-beacon-frequency,tag-manufacturer-name,tag-model,tag-readout-method
yl25,yl25,Alces alces,2010-03-01 00:00:00.000,2010-11-20 23:59:00.000,alive at end of deployment,AD,f,collar,status: Excellent; chest girth: 236; calf present: 2,Dropped,fall-off,yl25_2710,none,148.14,Lotek,7000MU GPS,other-wireless
yl20,yl20,Alces alces,2010-03-01 00:00:00.000,,alive at end of deployment,SUBAD,f,collar,status: Excellent; chest girth: 200; calf present: 0,,,yl20_2712,none,148.22,Lotek,7000MU GPS,other-wireless
yl18,yl18,Alces alces,2010-03-01 00:00:00.000,2010-12-28 23:59:00.000,FN Hunting,AD,f,collar,status: Excellent; chest girth: 220; calf present: 1,Collar was returned by hunter,dead,yl18_2708,none,148.06,Lotek,7000MU GPS,other-wireless
yl10,yl10,Alces alces,2010-03-01 00:00:00.000,,alive at end of deployment,AD,f,collar,status: Excellent; chest girth: 230; calf present: 1,,,yl10_2721,none,148.58,Lotek,7000MU GPS,other-wireless
yl1,yl1,Alces alces,2010-03-02 00:00:00.000,,alive at end of deployment,AD,f,collar,status: Very Good; chest girth: 220; calf present: 0; comments: Big wound on left hip,,,yl1_2707,none,148.018,Lotek,7000MU GPS,other-wireless
yl11,yl11,Alces alces,2010-03-02 00:00:00.000,,alive at end of deployment,AD,f,collar,status: Excellent; chest girth: 220; calf present: 0,,,yl11_2726,none,148.78,Lotek,7000MU GPS,other-wireless
yl16,yl16,Alces alces,2010-03-02 00:00:00.000,,alive at end of deployment,AD,f,collar,status: Excellent; chest girth: 227; calf present: 0,,,yl16_2713,none,148.259,Lotek,7000MU GPS,other-wireless
yl3,yl3,Alces alces,2010-03-02 00:00:00.000,,alive at end of deployment,AD,f,collar,status: ?; chest girth: 236; calf present: 2,,,yl3_2727,none,148.818,Lotek,7000MU GPS,other-wireless
yl2,yl2,Alces alces,2010-03-02 00:00:00.000,,alive at end of deployment,AD,f,collar,status: Excellent; chest girth: 201; calf present: 2,,,yl2_2729,none,148.899,Lotek,7000MU GPS,other-wireless
yl23,yl23,Alces alces,2010-03-02 00:00:00.000,2011-07-02 23:59:00.000,alive at end of deployment,AD,f,collar,status: Excellent; chest girth: 224; calf present: 0,Dropped,fall-off,yl23_2718,none,148.459,Lotek,7000MU GPS,other-wireless
yl19,yl19,Alces alces,2010-03-02 00:00:00.000,2010-05-05 23:59:00.000,Capture Myopathy,AD,f,collar,status: Very Good; chest girth: 224; calf present: 0,,dead,yl19_2725,none,148.74,Lotek,7000MU GPS,other-wireless
yl24,yl24,Alces alces,2010-03-02 00:00:00.000,2011-12-11 23:59:00.000,alive at end of deployment,AD,f,collar,status: Excellent; chest girth: 228; calf present: 0,,,yl24_2719,none,148.499,Lotek,7000MU GPS,other-wireless
yl21,yl21,Alces alces,2010-03-03 00:00:00.000,,alive at end of deployment,?,f,collar,status: ?; chest girth: ?; calf present: ?; comments: Datasheet illegible (mud/wet),,,yl21_2715,none,148.34,Lotek,7000MU GPS,other-wireless
yl17,yl17,Alces alces,2010-03-03 00:00:00.000,,alive at end of deployment,AD,f,collar,status: Excellent; chest girth: 224; calf present: 1,,,yl17_2711,none,148.18,Lotek,7000MU GPS,other-wireless
yl6,yl6,Alces alces,2010-03-03 00:00:00.000,,,AD,f,collar,status: Excellent; chest girth: 0; calf present: 0,,,yl6_2714,none,148.3,Lotek,7000MU GPS,other-wireless
yl5,yl5,Alces alces,2010-03-03 00:00:00.000,,alive at end of deployment,AD,f,collar,status: Excellent; chest girth: 220; calf present: 1,,,yl5_2728,none,148.859,Lotek,7000MU GPS,other-wireless
yl4,yl4,Alces alces,2010-03-03 00:00:00.000,,alive at end of deployment,AD,f,collar,status: Excellent; chest girth: 224; calf present: 0,,,yl4_2720,none,148.54,Lotek,7000MU GPS,other-wireless
yl14,yl14,Alces alces,2010-03-04 00:00:00.000,,alive at end of deployment,AD,f,collar,status: Very Good; chest girth: 218; calf present: 0,,,yl14_2730,none,148.938,Lotek,7000MU GPS,other-wireless
yl15,yl15,Alces alces,2010-03-04 00:00:00.000,,alive at end of deployment,AD,f,collar,status: Excellent; chest girth: 212; calf present: 0,,,yl15_2724,none,148.699,Lotek,7000MU GPS,other-wireless
yl7,yl7,Alces alces,2010-03-04 00:00:00.000,,,AD,f,collar,status: Excellent; chest girth: 240; calf present: 0,,,yl7_2709,none,148.1,Lotek,7000MU GPS,other-wireless
yl9,yl9,Alces alces,2010-03-04 00:00:00.000,,,AD,f,collar,status: Excellent; chest girth: 220; calf present: 0,,,yl9_2717,none,148.42,Lotek,7000MU GPS,other-wireless
yl12,yl12,Alces alces,2010-03-04 00:00:00.000,,,AD,f,collar,status: Very Good; chest girth: 210; calf present: 0,,,yl12_2716,none,148.379,Lotek,7000MU GPS,other-wireless
yl13,yl13,Alces alces,2010-03-04 00:00:00.000,,,AD,f,collar,status: Excellent; chest girth: 218; calf present: 1,,,yl13_2731,none,148.961,Lotek,7000MU GPS,other-wireless
yl22,yl22,Alces alces,2010-03-04 00:00:00.000,,alive at end of deployment,SUBAD,f,collar,status: Excellent; chest girth: 212; calf present: 1; comments: Young looking cow with small calf,,,yl22_2723,none,148.66,Lotek,7000MU GPS,other-wireless
yl8,yl8,Alces alces,2010-03-04 00:00:00.000,,,AD,f,collar,status: Very Good; chest girth: 211; calf present: 0,,,yl8_2722,none,148.618,Lotek,7000MU GPS,other-wireless
