tag-id,animal-id,animal-taxon,deploy-on-date,deploy-off-date,animal-death-comments,animal-life-stage,animal-reproductive-condition,animal-sex,attachment-type,deployment-end-type,duty-cycle,manipulation-type,tag-manufacturer-name,tag-model
1,1,Alces alces,2008-03-11 00:00:00.000,2009-02-11 00:00:00.000,,Adult,pregnant at capture,f,collar,removal,1 fix each 2-4 hr,none,Advanced Telemetry Systems,ATS G2000
3,3,Alces alces,2008-03-11 00:00:00.000,2009-01-31 00:00:00.000,,Adult,,m,collar,removal,1 fix each 2-4 hr,none,Advanced Telemetry Systems,ATS G2000
5,5,Alces alces,2008-03-12 00:00:00.000,2009-01-21 00:00:00.000,,Adult,,m,collar,removal,1 fix each 2-4 hr,none,Advanced Telemetry Systems,ATS G2000
10,10,Alces alces,2008-03-13 00:00:00.000,2009-01-22 00:00:00.000,,Adult,pregnant at capture,f,collar,removal,1 fix each 2-4 hr,none,Advanced Telemetry Systems,ATS G2000
14,14,Alces alces,2008-12-03 00:00:00.000,2010-02-19 00:00:00.000,,Adult,pregnant at capture,f,collar,removal,1 fix each 2-4 hr,none,Advanced Telemetry Systems,ATS G2000
12,12,Alces alces,2008-12-03 00:00:00.000,2010-02-20 00:00:00.000,,Adult,pregnant at capture,f,collar,removal,1 fix each 2-4 hr,none,Advanced Telemetry Systems,ATS G2000
13,13,Alces alces,2008-12-03 00:00:00.000,2010-02-20 00:00:00.000,,Adult,,f,collar,removal,1 fix each 2-4 hr,none,Advanced Telemetry Systems,ATS G2000
16,16,Alces alces,2008-12-04 00:00:00.000,2010-03-01 00:00:00.000,,Adult,,f,collar,removal,1 fix each 2-4 hr,none,Advanced Telemetry Systems,ATS G2000
9,9,Alces alces,2009-02-03 00:00:00.000,,hunted,Adult,,m,collar,dead,1 fix each 2-4 hr,none,Advanced Telemetry Systems,ATS G2000
24,24,Alces alces,2009-03-07 00:00:00.000,2010-02-21 00:00:00.000,,,pregnant at capture,f,collar,removal,1 fix each 2-4 hr,none,Advanced Telemetry Systems,ATS G2000
30,30,Alces alces,2009-03-07 00:00:00.000,2010-02-18 00:00:00.000,,,pregnant at capture,f,collar,removal,1 fix each 2-4 hr,none,Advanced Telemetry Systems,ATS G2000
33,33,Alces alces,2009-03-07 00:00:00.000,2010-02-19 00:00:00.000,,,,m,collar,removal,1 fix each 2-4 hr,none,Advanced Telemetry Systems,ATS G2000
25,25,Alces alces,2009-03-07 00:00:00.000,2010-02-20 00:00:00.000,,,,m,collar,removal,1 fix each 2-4 hr,none,Advanced Telemetry Systems,ATS G2000
27,27,Alces alces,2009-03-07 00:00:00.000,2010-02-19 00:00:00.000,,,,m,collar,removal,1 fix each 2-4 hr,none,Advanced Telemetry Systems,ATS G2000
28,28,Alces alces,2009-03-07 00:00:00.000,2010-02-18 00:00:00.000,,,,m,collar,removal,1 fix each 2-4 hr,none,Advanced Telemetry Systems,ATS G2000
26,26,Alces alces,2009-03-08 00:00:00.000,2010-02-19 00:00:00.000,,,pregnant at capture,f,collar,removal,1 fix each 2-4 hr,none,Advanced Telemetry Systems,ATS G2000
29,29,Alces alces,2009-03-08 00:00:00.000,2010-02-20 00:00:00.000,,,,m,collar,removal,1 fix each 2-4 hr,none,Advanced Telemetry Systems,ATS G2000
32,32,Alces alces,2009-03-08 00:00:00.000,2010-03-10 00:00:00.000,,,,m,collar,removal,1 fix each 2-4 hr,none,Advanced Telemetry Systems,ATS G2000
31,31,Alces alces,2009-03-08 00:00:00.000,,unknown natural cause,,pregnant at capture,f,collar,dead,1 fix each 2-4 hr,none,Advanced Telemetry Systems,ATS G2000
